dataTag,preLoad,xy1,xy2,xy3,xy4,xy5,xy6,xy7,xy8,xy9,xy10,xy11,xy12,xy13,xy14,xy15,xy16,xy17,xy18,xy19,xy20,xy21,xy22,xy23,xy24,xy25,xy26,xy27,xy28,xy29,xy30,xy31,xy32,xy33,xy34,xy35,xy36,xy37,xy38,xy39,xy40,xy41,xy42,xy43,xy44,xy45,xy46,xy47,xy48,xy49,xy50,xy51,xy52,xy53,xy54,xy55,xy56,xy57,xy58,xy59,xy60,xy61,xy62,xy63,xy64,xy65,xy66,xy67,xy68,xy69,xy70,xy71,xy72,xy73,xy74,xy75,xy76,xy77,xy78,xy79,xy80,xy81,xy82,xy83,xy84,xy85,xy86,xy87,xy88,xy89,xy90,xy91,xy92,xy93,xy94,xy95,xy96,xy97,xy98,xy99,xy100,xy101,xy102,xy103,xy104,xy105,xy106,xy107,xy108,xy109,xy110,xy111,xy112,xy113,xy114,xy115,xy116,xy117,xy118,xy119,xy120,xy121,xy122,xy123,xy124,xy125,xy126,xy127,xy128,xy129,xy130,xy131,xy132,xy133,xy134,xy135,xy136,xy137,xy138,xy139,xy140,xy141,xy142,xy143,xy144,xy145,xy146,xy147,xy148,xy149,xy150
attar2014investigating_crack_a_1_sandstone,2,0.009231466130026574,0.032688764417728375,0.059238630710219446,0.08605424500756037,0.1133398108664404,0.1431436753563144,0.17336147903969182,0.2012969448931502,0.23014346931012114,0.2634246321228834,0.29290622365185176,0.32219600335846305,0.3557028447540211,0.3861796914347494,0.4134146074833119,0.44070041853349545,0.4810540152802068,0.5056916469275528,0.5413477034233043,0.5819334954405285,0.6108838167643926,0.6352838278186573,0.673266446719853,0.7090596517483496,0.7357716564673467,0.77308992473051,0.8106069442434385,0.8420932936422474,0.8756815045554968,0.9161655579093223,0.9513905695605264,0.9812883318846687,1.014541780806289,1.0613929203868169,1.1017547729406978,1.1364136640154063,1.1791733481394995,1.227964276667861,1.278017145202836,1.3235817560438454,1.3752755649841895,1.4123687841513441,1.4524055483462783,1.5060372610301418,1.5573498010859934,1.6051629428921652,1.6517741458195145,1.7200086211546113,1.7543002721172711,1.8330806406616227,1.8986787847434483,1.9579953713644258,2.024587577162936,2.088596341189998,2.1480698030505336,2.212270619565228,2.270964156403155,2.3210652753887646,2.3736212734838915,2.4320906234239823,2.449280993705447,2.4837075774246613,2.526742075698857,2.571906036106577,2.6108354144545167,2.642284995797029,2.67582515452179,2.7066419998701274,2.73803666301404,2.772482186283613,2.805460359558846,2.831749584745485,2.8705815779838137,2.9193114048422237,2.9362424206654256,2.9474536764735193,2.9638640421069584,2.984009175487847,3.003672883400213,3.026781513988076,3.047935626379798,3.0704082253773035,3.0819893116898838,3.0991986791645885,3.145594743447904,3.1486873592421216,3.1828258189720082,3.1946205996125667,3.208566325144371,3.2518561997859408,3.2801038605481136,3.2514254572473202,3.220415839055565,3.2286505410203223,3.2453808570586924,3.2440206209600313,3.25861224145963,3.2746340019216618,3.27420440780314,3.2901534452156507,3.3052474944300045,3.302974738454639,3.329148887115805,3.3480250077172533,3.3450594568685053,3.3478354689955716,3.342844672654947,3.339401898226866,3.335689547595844,3.323479165124637,3.2974646386990103,3.2866090552653002,3.268297772946975,3.2808954945992874,3.2996792041062943,3.2813680530850595,3.276971904641162,3.2792275286844026,3.2584231269807087,3.239330417656809,3.245615842823277,3.2554022443178177,3.2255441576176285,3.224976064438936,3.1750386943444986,3.150587949312852,3.168775020714788,3.137873322669309,3.0837018656875266,3.034081264333515,3.0316249343417776,3.0352884309251733,2.994158376091101,2.9655071183026527,2.939219266039289,2.919057117147048,2.892712940354266,2.8411938936805923,2.822484261328801,2.7922836641414706,2.7343159365994536,2.6984042616877324,2.6874867476672843,2.6610008252931734,2.5619992982185424,2.557085390574761,2.543086840730173,2.4662517860865187,2.4337728279090007,2.390359690602222
attar2014investigating_crack_a_2_sandstone,2,0.013425251369903458,0.05075169459362539,0.0888155459468513,0.12681993420671914,0.16482361952108568,0.20308829319133292,0.2409416905414848,0.2790549258099237,0.31874241350569443,0.3570500030847336,0.3958146946072685,0.43463282982172896,0.4739365376937655,0.511272404554156,0.5486668756988781,0.5880023895410247,0.6241993712879644,0.6637679571339578,0.6975581371277807,0.7390110730436998,0.7776862196752954,0.8158733721820981,0.8530947628092921,0.890298119270294,0.9279191668216387,0.9643891112018393,1.0024481423049398,1.0425022657188519,1.0829746754227634,1.1213705922365198,1.161655640940222,1.1982141127445056,1.2359320497569277,1.2761023966472953,1.3151737393767322,1.3534443306726975,1.3942553528916124,1.4381459386319981,1.4810606636119945,1.5199570950700747,1.5615667359108105,1.6033249145960122,1.6456150299634253,1.6913414660578194,1.7378751214428156,1.7808328845880768,1.8235319196198687,1.8702310108673856,1.9148378814203104,1.9581838306420458,2.0015917453868006,2.045148197976021,2.088853188409707,2.132706716687859,2.1758449334745658,2.215867739342948,2.2558905452113307,2.3000332547312414,2.3282694250912366,2.35738032220328,2.3879667196790124,2.4135012496175907,2.4369509999889063,2.4641292759627462,2.487693231183826,2.5020989273393344,2.517767903540154,2.5327842449994242,2.5461898550018285,2.5716738481808483,2.5741516731295007,2.5859834789003937,2.6003095202143416,2.6105378942691218,2.6201745990966345,2.626140741291227,2.6265414540305296,2.6338441253659326,2.639788176015072,2.6455335750449396,2.641634119082185,2.6462831660169397,2.6342445389432565,2.6338685232776657,2.639823014064336,2.639764432254074,2.633665184686509,2.6358468492581117,2.627485026424794,2.6231346428520674,2.6184228946619603,2.6144835953213845,2.615050331923975,2.6085215575854828,2.5938332305933143,2.5835462172085286,2.574455949349819,2.566011603809803,2.5429009906646955,2.5379498997361045,2.5257210933389267,2.5069610865468492,2.4950496202543024,2.485550690136212,2.475632913718027,2.461540908020081,2.454882857794483,2.4401162556303335,2.41999079690108,2.408056835083268,2.3883667586001325,2.3700649718870066,2.345262887622268,2.3229568083251113,2.301191198766984,2.286829734876911,2.270067608786473,2.2497285226075165,2.2324175482706696,2.205233949468638,2.177463425712306,2.1555185626624542,2.138924437014349,2.120786827351977,2.100171514501045,2.072008097741886,2.040805941343856,2.023174177528368,2.002193084123134,1.9666746473056131,1.926636518516394,1.896814849945671,1.8616655554191543,1.8240065976325288,1.792064399834254,1.7647818950342749,1.7403083176529923,1.7101746796754462,1.6727104915763649,1.629596941226554,1.585691189039592,1.5411086815274009,1.5202903863025752,1.4950051440816312,1.4401001655289238,1.4245033053484977,1.3938812313198041,1.3422803435587312,1.3199253772499893,1.2795187902842498
attar2014investigating_crack_a_3_sandstone,2,0.014757183141117902,0.05242832418927367,0.09009946523742944,0.1277706062855852,0.1653199530578526,0.20259341807912976,0.24016821349800638,0.277129170715894,0.3145092971451551,0.3531932052216445,0.39090835925556855,0.4276002265339563,0.4641209037025492,0.5006113107561417,0.53799341491646,0.5753755190767783,0.6127576232370966,0.6501397273974148,0.6875218315577332,0.7256938919200551,0.7637710683368436,0.7996681440386879,0.8371172127980153,0.8765158827083437,0.914164493778714,0.9536891212022753,0.9916641218755382,1.0308839106594763,1.070962738682543,1.1123754169351718,1.1545649894640049,1.1946603822900483,1.2329996631100835,1.2739392973007868,1.3179587389123073,1.357115994094565,1.3977911672740624,1.4420034762025191,1.4875129410088017,1.533040324517468,1.5785978901775992,1.6241310806967608,1.6706673451992717,1.7175479321688365,1.761299613879261,1.8053240454175725,1.8524337559492392,1.8977037609600182,1.944294290027615,1.9913265208647581,2.0389470002827514,2.0867113703817157,2.130135678890747,2.170793534446557,2.2108139244906813,2.2466113167246715,2.277461445865846,2.3016319846442674,2.3310965009288287,2.3596260359353205,2.3844296647324694,2.4043567345779686,2.4238217887049713,2.4402076858381556,2.4533629009595943,2.474006534374494,2.4901053702345455,2.5010922082690246,2.511292023521664,2.515749915210356,2.527718006410986,2.5371693325885443,2.547026287990284,2.5569398006126374,2.5641546580166183,2.5710690588788614,2.5805620424035,2.5879130151278527,2.592401339092689,2.5947380849029478,2.5975432463513504,2.6036149458355387,2.6054724039251695,2.6094168535384514,2.6164724862993882,2.6180740868977876,2.6177421137616914,2.606073056194268,2.602318918459115,2.60139983657704,2.5895423714327874,2.5920364945239136,2.5810198868049756,2.5770013601034933,2.571696898232313,2.559421472891987,2.556639227533719,2.565698600396907,2.559686597654969,2.5388778945859136,2.518861133637774,2.504052653382503,2.4841441701609854,2.462113282554318,2.4430393188848796,2.4260740509297243,2.406694937184413,2.383595653716385,2.3639886713262728,2.3355769703129745,2.3125693886656924,2.289684225672144,2.2589937906333892,2.224385291208942,2.198987659595294,2.173581122874987,2.152341373262165,2.12423918875815,2.0963894128228793,2.0592567253570326,2.0232071653095898,1.9877649868609577,1.9514620022446882,1.9109428855399522,1.8737399574227283,1.839268981837725,1.7985614284707743,1.7653444036952508,1.713426434558729,1.6612488099029086,1.625643736067865,1.5865162080348592,1.5380059836541529,1.4882539924158853,1.435123847777575,1.396188757283732,1.3595382332909745,1.3158787647504206,1.2573829269959413,1.2027447288077304,1.1561275034933485,1.1087232553971271,1.066345713291064,1.0284418386134306,0.9562531128636218,0.9090771059147504,0.8901267289042397,0.8470294302475648,0.773791471461817,0.7196620459483797
attar2014investigating_crack_b_1_tuff,3.5,0.03139013452914796,0.07772540901815105,0.12276366550859262,0.16728047082263295,0.2118769416048912,0.2562008424448462,0.3018420167556416,0.34770932496179585,0.390327542326838,0.4326789084686864,0.47205091103004493,0.5136531490289903,0.557866554671885,0.6069426847292565,0.655145480486249,0.6929076001350231,0.7363728178230952,0.7831683320009243,0.8343365108079022,0.8720501001270754,0.9147027298112693,0.9515364592679688,1.0009072179235796,1.0471498040782232,1.0955207514540923,1.1421533888644384,1.1911083729594143,1.2358906375043648,1.2805603504453351,1.3337758749089457,1.3802843608603947,1.4252926944932742,1.4725865731741876,1.5181594734112438,1.5632524622171002,1.6126972689699774,1.665976768804868,1.7245763095930198,1.7777862804545286,1.8230039987240114,1.8828476596921728,1.9344718764132165,1.9750735625725149,2.025143017852544,2.0840261680717473,2.1288628661843996,2.183422571215273,2.2247505094812885,2.2612414056426737,2.3109717640011946,2.3503004144711057,2.40664569341898,2.441026656056481,2.5032607076162385,2.549314629890671,2.5917137316380727,2.633681295819543,2.667229762063709,2.7100485762539908,2.7705383272114026,2.797299787040515,2.8410361581724324,2.8753060966637682,2.905034374486949,2.9367116123881116,2.977812346761093,3.024038056728583,3.0734042189795265,3.0966481638728514,3.1402743780561027,3.1829241017967957,3.211374678205281,3.2398531195988576,3.273006936260125,3.302569140186053,3.3300009435295412,3.367519110370556,3.3966823881184687,3.419224993491387,3.431306726487231,3.4532055345390407,3.489043257349072,3.527418016936682,3.546426434976081,3.5612179029829147,3.5804518802017813,3.600999446621973,3.6250911966405015,3.6428402048882913,3.6710354936156833,3.705266532472678,3.6665399283227234,3.6738692877903736,3.698412691590763,3.711880317779469,3.73106366049504,3.7451067817639427,3.731513805023096,3.7252658892452595,3.730234956369178,3.7310826434002653,3.7296504177559906,3.718970503219216,3.73383325675082,3.728540761794154,3.7382482364104512,3.728536672988837,3.6906446496159013,3.610129238659199,3.5940134719193524,3.5953293546961356,3.5772065809415254,3.5513920250705904,3.530390509839068,3.479935231036121,3.4460627854382824,3.419153438480914,3.381330013357347,3.3100241250770237,3.2785899993283447,3.2409784263531267,3.193192713820267,3.1639498699595188,3.1211434153631803,3.0658474551364345,3.002590882412875,2.937466009942843,2.8549428631647458,2.8041400494078745,2.728879341531367,2.684063668911969,2.6220530063655634,2.576311444497313,2.500817284450257,2.4023331605971325,2.326535242153188,2.262774556702224,2.181977969855976,2.0964843630239423,2.0193000502287175,1.9363503779881686,1.8683523665916308,1.8020910933380991,1.7306755898760313,1.6713506208525422,1.5863207985623855,1.5103811313131719,1.4248862723741236,1.3313625157306497,1.262787801184158
attar2014investigating_crack_b_2_tuff,3.5,0.011831722718306162,0.05438410159657278,0.09657457778516006,0.13856047037579772,0.1802279500690898,0.2213380120150277,0.26255797903468747,0.3052473470160444,0.3472942400745016,0.38731917929347615,0.428274588120579,0.47079455568147544,0.5129959184908507,0.5531671851325836,0.592560675024605,0.633209454359716,0.674657433622743,0.7161054128857701,0.757299887057166,0.797131559285152,0.8405332881699253,0.8841372880465007,0.9258435378513411,0.965465590507223,1.00624126772696,1.0476892469899872,1.0891372262530143,1.132556067898184,1.1767951335772309,1.220047620557475,1.2617198854225748,1.3033921502876746,1.3450644151527744,1.3867773791730786,1.4319175096329775,1.4740372948119815,1.5158217024781175,1.5635139398294453,1.6111403988730288,1.6577715689410017,1.7010265294190192,1.7496148723909493,1.7949746565019058,1.8400010371948616,1.8869956633712268,1.9325014760675099,1.977621119506175,2.0299181621332183,2.082440666225199,2.1312713619698735,2.179738588916359,2.223092995797004,2.274265959858858,2.327725776005978,2.3728055451262575,2.4229110991565386,2.474618347839104,2.529178917291378,2.578856799863462,2.623745694530037,2.675616658349699,2.732424496183962,2.791097413050572,2.8431613413898003,2.894593887205834,2.9462287040136705,2.992329289343216,3.04575684710065,3.105824640229534,3.165444007108292,3.2242172127522455,3.284235915244328,3.3433080430350253,3.398384578898838,3.45232166034455,3.499969079882579,3.559470722672151,3.6182872798917507,3.6911874369434576,3.716063569605946,3.759448639762516,3.806279473475287,3.853110307188058,3.888632338786024,3.9136297564295437,3.945176946918224,3.9655956452333267,3.9860768170079024,4.013073706212641,4.030178055636334,4.038799428600032,4.0375680459847585,4.061405029156636,4.0936999324275956,4.1195751003338765,4.106449229037872,4.102366315014315,4.087952734646345,4.0877413292759615,4.07818439859971,4.078372014588539,4.081797599791885,4.064034098659654,4.054087045043389,4.042706974576984,4.021570050992682,4.017981808818798,3.9980357454140556,3.972728760129989,3.951200699938837,3.948016943188319,3.9323705817519166,3.9034800918515975,3.845956344917429,3.8249604944713758,3.7981195396952043,3.761405748854922,3.7197361054643836,3.677529058388494,3.6279760198792372,3.5957921744879116,3.5670443474469615,3.5346824530903773,3.506594369348396,3.4775816182153183,3.447644199691145,3.3921393907421677,3.331980533078013,3.2970067129219087,3.2314265046391104,3.160561071546974,3.108906951515538,3.061733081603459,3.0210540718457812,2.964026995823172,2.9391935262589173,2.894383928647365,2.827249999796952,2.7815857347662902,2.7286037249490382,2.6910597578899176,2.6100981611050185,2.5518303673105387,2.4726060953641773,2.386415179590486,2.290052081120764,2.276227771402542,2.2426206345549855,2.19031462387947,2.119330130767418
attar2014investigating_linear_a_1_sandstone,8,0.08783680043688084,0.1640608215632376,0.24019215181476744,0.3156048606049994,0.3924859251399802,0.46974438644745425,0.5460190570600867,0.6226948930261008,0.7025017549681162,0.7795272587351506,0.856263035668867,0.9346285260749739,1.0112234706806975,1.0893238970726191,1.1687382767219059,1.2436673342192839,1.3224954910843254,1.4017865146107196,1.47898339786552,1.5561802811203203,1.6333771643751205,1.7105740476299207,1.787770930884721,1.8649678141395216,1.9479650897210337,2.0262526442008335,2.115332453977098,2.1867394507753994,2.264397440351284,2.3423154233759185,2.4268971307930167,2.505811976913951,2.5897399920827917,2.6605627590022953,2.7398453574485258,2.8246763215678214,2.90279541746479,2.9809145133617574,3.059033609258726,3.1371527051556947,3.215271801052662,3.2933908969496306,3.3715099928465984,3.458767986011521,3.5295649486940674,3.6058672805375025,3.6913928531368305,3.773208587350618,3.851558236408127,3.9352825319610285,4.020052309023951,4.095206951833626,4.168411510453734,4.268279349660537,4.347090105039131,4.414159005494824,4.5025336926315385,4.593747589112631,4.675972326338647,4.755013634877783,4.834054943416919,4.930264428997113,5.0289320019641925,5.122280642768188,5.204563382978717,5.284489890776153,5.38572091999911,5.465914994340956,5.546109068682801,5.626616757788502,5.72034614226551,5.783297021355893,5.871795457979176,5.986718604280078,6.082048761154312,6.176140583693099,6.2413276092253875,6.338936841489467,6.4369739123367005,6.550229676308462,6.63941754600439,6.7496292956866855,6.854969616650077,6.955405252718688,7.070520957227479,7.189446717609243,7.299468568984063,7.402076665706369,7.505923106335876,7.613453261302082,7.734041543987868,7.860547924814563,7.985698472859108,8.11170469806996,8.232114229319645,8.322067066658771,8.40783913284415,8.505398869892058,8.606536770814127,8.715815479515646,8.80089644139121,8.88351307104976,8.97356379228666,9.020642509284817,9.084330624265062,9.135002096005326,9.146737970689601,9.174244996291442,9.220514568670454,9.252015457002203,9.232631745475077,9.224230620396098,9.230963894409724,9.21457256660333,9.182674346866783,9.148820293607251,9.08967659467707,9.024391517590553,8.887846528175839,8.817561536430807,8.71790653976887,8.580804415033581,8.528226620898902,8.410832660448792,8.213257729658245,8.064605234437522,7.983453977645265,7.770832155007869,7.584809541306359,7.4207868535703385,7.241448792723668,7.078751564416807,6.950884569928783,6.699538329148198,6.5181715449255035,6.33338205203758,6.113547504177018,5.896670032491042,5.662226963496953,5.414302033504244,5.195371162871647,4.931701181393465,4.646304228163718,4.399486412673949,4.181587010193561,3.978847428245803,3.7051378760054847,3.513924418931757,3.3101512978536616,3.075368905207686
attar2014investigating_linear_a_2_sandstone,8,0.0725713795764383,0.15869979593694694,0.2445811905733089,0.3318603951674818,0.4174781920224707,0.5018371394463071,0.5869193853172736,0.6739543616035334,0.7613008348892766,0.8456955454449911,0.9300104097913036,1.015809187201884,1.1016079646124641,1.1873698778224975,1.2707803660632748,1.3564157172311682,1.442438934996177,1.530014851914007,1.6128465107224643,1.695714837318958,1.7804651303240784,1.8630895501002134,1.9483980487827333,2.033706547465253,2.1161271396074697,2.2001007027903876,2.282379245874399,2.365841153144775,2.450822799341921,2.5315544155940217,2.610904264983503,2.6953609389413082,2.7800157326530806,2.8646705263648533,2.9493253200766256,3.0289681619795825,3.1126143767907113,3.197105744259797,3.275505327857332,3.3595776697604482,3.430621130380797,3.514558228367458,3.5985593171084833,3.6825604058495087,3.7665614945905337,3.848526339310133,3.9192540857999285,4.002928322055579,4.085645028677084,4.161452315941036,4.237334034608383,4.320681418378661,4.405600841644376,4.4961749627543535,4.579685772767318,4.663196582780282,4.746707392793248,4.830218202806212,4.913729012819177,5.0035697722466175,5.09069339337905,5.174367629634701,5.262788977277639,5.35648165351765,5.446583269411038,5.530584358152065,5.614585446893089,5.704347815954488,5.805087965326014,5.898167607391647,5.996897893700435,6.0815526874122074,6.169093571731319,6.262929576524625,6.350721112888993,6.444960170607789,6.532518348165648,6.630920769195678,6.73187530320802,6.837078191976347,6.926361529905171,7.026609286796932,7.127213040259527,7.227241727630731,7.334300738728247,7.443184637159012,7.535868550058205,7.638087024999466,7.746607886353665,7.830708836511263,7.922279264822743,8.014792146563416,8.111648156896097,8.204667200295548,8.281757498101772,8.363870600942462,8.451140214537222,8.486095085764461,8.517089647415991,8.555901903870652,8.600746603343154,8.626297445965209,8.641444551423485,8.640167042969402,8.619653022173003,8.585957955791365,8.558158212661299,8.524258516664775,8.460648460135126,8.418250802919859,8.370849326330001,8.274554959997085,8.219949563794325,8.15744621091278,8.055218333439841,7.978854455340355,7.859298498453231,7.779634378543073,7.6525203575759715,7.554385681058843,7.47193310987037,7.386328004463505,7.1877929170450034,7.089672447699431,6.933544314207874,6.811586092584319,6.6773930564719945,6.5471011902021905,6.336281330544977,6.131628447000034,6.000616998562274,5.816905841400239,5.699444561874177,5.515869637223518,5.269634188723626,5.1168139863203255,4.94150680872711,4.786671731762772,4.635005081657837,4.432155054505934,4.2493139830472435,4.070240453893951,3.8836730706908553,3.7316399404421894,3.568218514496315,3.3747971727816193,3.1645990241009403,3.027842485471521,2.8854461094800663,2.718134270770814
attar2014investigating_linear_a_3_sandstone,8,0.0344197979048985,0.11476745333229002,0.19400153491333574,0.27172286593791,0.35025273544918395,0.4283792232554379,0.5073547919044197,0.5863303605534015,0.6653059292023833,0.7426833521692615,0.8212053354934925,0.899984080295374,0.9767687746799524,1.0548993673509819,1.139737308438485,1.2192147759388456,1.2971104783942378,1.3760860470432197,1.4528171361393045,1.5263908930796695,1.6049728140344508,1.6835547349892321,1.7621366559440135,1.835241744278721,1.9096859681210594,1.9878742413816402,2.066062514642221,2.1442507879028017,2.229186862506011,2.312210102627482,2.3907920235822635,2.4693739445370446,2.547955865491826,2.6265377864466073,2.7051197074013884,2.7868878840371254,2.8694527003424124,2.947319624242101,3.019735014438268,3.098029312175295,3.189671095326437,3.271499694618783,3.350475263267765,3.4294508319167463,3.508426400565728,3.58740196921471,3.666377537863692,3.7518291085597286,3.8399285523182765,3.922759965898167,4.002129182241349,4.086211013810681,4.17118594751278,4.247055804359876,4.319606047614078,4.40142791454943,4.500555736247376,4.581557571513412,4.670980479514987,4.751540427874293,4.84024465150434,4.923549550852227,5.010931638347489,5.1029751545991875,5.195389862133003,5.288175760948933,5.376627575288022,5.471351015759654,5.583911558495419,5.674116348591055,5.757673124260314,5.8525695450488096,5.946458637124519,6.040677677006553,6.137657930951515,6.248365280088968,6.348361377459247,6.44579839550766,6.554030917632473,6.657418581907607,6.756165997649467,6.856438938412024,6.956802283979291,7.06326623310977,7.17701852096744,7.289097984669242,7.390052353551177,7.490871341593317,7.614066718213316,7.7341997085984655,7.837470935530767,7.942170075543455,8.063287727418057,8.151810277809885,8.256624282968078,8.360560921045451,8.425303046094626,8.499498578554023,8.57767684847324,8.63306239603359,8.677291177133977,8.7206715210181,8.73181410026248,8.76853139502507,8.77797331238664,8.739821924010398,8.717380108592993,8.681795519032404,8.628459668962225,8.588686886936683,8.55131700211654,8.484261523923728,8.399409399311999,8.300738522398309,8.204028596739427,8.125237719269773,8.051580137227846,7.953380493588006,7.8741060333378226,7.746452605613533,7.632515969954417,7.491710626003394,7.371638105983336,7.267630870497514,7.144181387617578,6.9834968215707125,6.852342362106836,6.722720854803469,6.588842850467619,6.397036081025529,6.252813671255895,6.062011697495756,5.9064804804165645,5.746752153619371,5.54853578951406,5.362024635197344,5.217712934276759,5.0048995701159384,4.8014150197997845,4.571110923857798,4.3708770981299185,4.164185962086148,4.012015267676565,3.7309002106528393,3.4995900383035745,3.311665752258766,3.1496725052093804,2.969056859505781,2.7984595585884553,2.595454187772095
attar2014investigating_linear_b_1_tuff,14,0.04218784693953082,0.14213623599761374,0.24230573479549117,0.3434931742285309,0.4417438746890558,0.5399557014555295,0.6363443019282333,0.7296243836185295,0.8281715668246316,0.9355174049017864,1.035253021605658,1.1305795302591837,1.2186975166642742,1.3174038542100643,1.4271102866516123,1.5352928566653852,1.618228780923055,1.7280361209817339,1.8315273644523842,1.9359273747758396,2.0124494630130427,2.127814629557183,2.217462380888751,2.31635868164096,2.4167022828380347,2.520837855706933,2.6184246911582623,2.7031096393451275,2.788398934151278,2.8714215823005036,2.99288259027763,3.0992643826382578,3.197897661313997,3.28831331732054,3.386110447415703,3.484480704014974,3.588677610083175,3.696650785073975,3.7821300502304087,3.879999717693538,3.9804399996619138,4.067849826242435,4.2038504637742085,4.285048274688293,4.419427970869628,4.531045411264656,4.642774062782803,4.745705670490331,4.817668127683172,4.933689044967695,5.0661315487902225,5.166605982001243,5.26396056114152,5.34671382060253,5.417730537784279,5.511494567217271,5.639198035152361,5.724750929973592,5.848476070681842,5.9547721245279135,6.0448965437664635,6.1390395794825885,6.2389879685406715,6.346787256787674,6.469735637644125,6.6032744795815566,6.74176186693959,6.875733101257063,6.964653955837129,7.069302935839514,7.18576110883844,7.304363019859156,7.464498320564928,7.630119860879323,7.751431732655141,7.855719848455572,7.959876590737153,8.022622545616105,8.107919148684596,8.26772022540204,8.411355970275423,8.56416758360981,8.629380240489015,8.779244631587417,8.904154904355835,9.009626757019758,9.02646328035221,9.199325500920361,9.341286812260012,9.438696445113225,9.66380212426011,9.813523586996567,9.911469278747765,10.11124343957939,10.2320594852119,10.396371967247077,10.563340328663864,10.724927928733454,10.887583756526839,11.046048937878448,11.172795569506128,11.369543233712703,11.568131682402392,11.67977982569683,11.874196455312998,12.13065634632553,12.260216010916286,12.419738156261062,12.616067121446426,12.796638766856036,12.900220137317003,13.012073185209765,13.284293279511658,13.45780136653997,13.732906775065368,13.90422022523035,14.024684336252987,14.145148447275623,14.265612558298262,14.386076669320898,14.486228061439412,14.549536213980318,14.566218263394754,14.558961319717495,14.564939092364257,14.507820309281623,14.413652041437263,14.289461490123182,14.161532141775808,13.951181613064112,13.791545382208893,13.58247675119777,13.325683691125365,12.937430697355866,12.608954505256914,12.20859187380584,11.838338324964743,11.491698508127369,11.095582466956477,10.741085107160325,10.320915174356024,9.921149528308016,9.479870595408698,8.992631671335818,8.482522337123715,8.009438373131204,7.5784341683418175,7.040529989909154,6.634570140122186,6.248908296943231
attar2014investigating_linear_b_2_tuff,14,0.05102419671365991,0.16026990879558292,0.2689423280325269,0.3794826184155328,0.4872631938111852,0.5938065982377013,0.6944889252729342,0.804680511272875,0.9120198230300615,1.015019066181822,1.1026610267188444,1.2084737225724502,1.3080930507455233,1.4146479580581326,1.5186695847759961,1.6161042126252891,1.7312338116940442,1.8435560391186359,1.9355517726224303,2.022513729370283,2.124259998215872,2.223498066829978,2.3289848878523727,2.4293677327519423,2.5248589980365344,2.630129815399232,2.7298972003162625,2.8292680325036765,2.922934243433425,3.02326179095792,3.1343311403813896,3.238024684607757,3.368643132223288,3.444912350002842,3.5366093452585865,3.639063451221733,3.7332955997434163,3.862543055066369,3.951794754812856,4.057711475802994,4.136576621521021,4.199384607634919,4.29341785797761,4.416678050355316,4.522506242132592,4.65579892190894,4.731232905759342,4.813364809728778,4.914790965536936,5.016217121345092,5.122792711479045,5.238133777052028,5.350318696683405,5.4380584164365855,5.539786435803696,5.641514455170806,5.782604708908533,5.849277424545985,5.9800617842184,6.084322239064405,6.186653985549421,6.288985732034438,6.403274864073494,6.524264658864937,6.65881103088808,6.777348856239689,6.872035680774374,6.977525784761529,7.108631083645325,7.207564723113203,7.29766771873399,7.4212400256081565,7.582020310964158,7.650010348082146,7.75415327592088,7.858296203759613,7.962439131598345,8.06658205943708,8.193812192886197,8.313803498753654,8.403297830903867,8.519191290579908,8.688124379517024,8.818881949559673,8.947223154225643,9.092899607646453,9.230594691928456,9.345611633593741,9.490924112395136,9.63322243408619,9.789210028518076,9.948237540803671,10.111132279667018,10.273189391915173,10.422445735448681,10.56009583263018,10.696615209924362,10.826069990625859,10.94718610368401,11.113147369835355,11.251851965795813,11.391093433186626,11.600811869383755,11.752484150002248,11.957344182663036,12.128432572074924,12.322940081347095,12.535494112165283,12.738172908378306,12.914386394020136,13.099473877854868,13.292873029994166,13.451671661651853,13.647102007892512,13.82510847206467,13.98062003645347,14.131938581302503,14.251740996380024,14.341278932072935,14.400633626021104,14.41956053266889,14.412281704157156,14.356826345807924,14.293709567654954,14.195529059437387,14.086285255743231,14.012544890022136,13.87047169524348,13.683242340721419,13.523759025993044,13.26133694033337,12.947260819201514,12.6799927033458,12.405782437934873,12.019547002460383,11.612430418100805,11.25804674221606,10.895727289847885,10.601699294117607,10.115131353873553,9.732232275729052,9.360711785072505,8.982275820727637,8.590254491339833,8.100325378091194,7.69841939436594,7.273135600011476,6.825548097698164,6.39362312964135,5.955255704420329
attar2014investigating_linear_b_3_tuff,14,0.05421691874271233,0.1432332588216602,0.2332308640430637,0.31802176022735784,0.40656757580337244,0.496353219508202,0.588082537803567,0.6723238992937808,0.7703058837727711,0.8604886404866819,0.9498381201747496,1.0384507743319091,1.1357641443144675,1.2274928809832755,1.3229723631520947,1.4072273947729925,1.4912574114553496,1.5871717249827535,1.699686267705709,1.7968832194885616,1.878433341618851,1.954455158232555,2.0524945762442854,2.160868311940043,2.262429839692419,2.3506434845588324,2.43769281918496,2.543904719311854,2.654394017066188,2.7706296695858224,2.871477700331677,2.957005275474714,3.052066190992377,3.1492859741534396,3.2477155886418965,3.3503936716705853,3.453505633470457,3.557124441523021,3.6410678003530794,3.731936981982385,3.814677931119736,3.919606433730479,4.025018823375247,4.119515623044438,4.233423451399602,4.310766414831177,4.380745261361593,4.497502821721201,4.591999621390392,4.689190008449456,4.807935879392102,4.913544450700562,5.020816532351145,5.130132019729723,5.253091129808847,5.363098068689452,5.486973930932445,5.6142941721335795,5.742542208458417,5.824836506956727,5.913877289275753,6.0303508088216935,6.110870931856224,6.2478858337589,6.375932872784675,6.499647412944762,6.6100929392906815,6.714875240322194,6.819309936174089,6.902042938609679,6.9924634182179375,7.108030111381231,7.224088690824632,7.345409067604515,7.504214914235201,7.647549917137357,7.701599426917347,7.801447679262807,7.931416512595206,8.066514532857571,8.253584863918288,8.400956954711898,8.542603060944025,8.653705790059373,8.80668845762709,8.966627575228072,9.11672387724085,9.245097474744453,9.381077607386157,9.558783593413375,9.704749427423772,9.826246522723803,9.97231251085699,10.142721071940688,10.283802890535055,10.38054870974486,10.563839794853516,10.727727363000394,10.907481973330936,11.070672308785534,11.232959967190425,11.377806282346233,11.514106193791148,11.672470887146075,11.861610039367186,12.058530051006311,12.257031854445323,12.457115449684213,12.631013141292181,12.805770519710833,12.995574522533675,13.17462959750337,13.324021956075596,13.5382055913989,13.7719773587607,13.975330161595437,14.131986716258885,14.266161640597462,14.387478486857113,14.482008732856734,14.543284179864887,14.57156015802634,14.515902734251599,14.489450839834836,14.482932144069274,14.3816024271858,14.247498309771276,14.124706271017233,14.008695636277215,13.659159127747223,13.468853646875525,13.18495347588102,12.836343720611573,12.595685822236648,12.137219685658465,11.798619731681605,11.38543771251396,11.048804057557287,10.640713871963985,10.135341786408693,9.757861233390948,9.327053377012229,8.912832114586351,8.470813055262305,7.97971019329742,7.477569578790273,7.023814629205772,6.551374593862937,6.141250666791685,5.736962831195581
attar2014investigating_plastic_a_1_sandstone,19,6.116756205318001,6.221034277474859,6.293438126940558,6.377702476564931,6.464684566980574,6.551666657396217,6.63864874781186,6.744323740310437,6.857526325138243,6.961774279911455,7.049540254319496,7.137306228727536,7.225072203135578,7.312838177543618,7.400604151951658,7.490876352222155,7.615305437740573,7.725059461436949,7.809537477427248,7.902358568377896,8.021602644758614,8.10913261896392,8.178339720227253,8.263651558370249,8.379800977084754,8.490565544991808,8.57963799272051,8.668710440449212,8.757782888177916,8.829328815418924,8.886999624498706,8.950195304391862,9.060241408839165,9.149150142374626,9.255526962818589,9.340471646286096,9.426226573181479,9.53139224685631,9.620203399920879,9.70901455298545,9.79782570605002,9.886636859114589,10.000013499127498,10.113692699925611,10.227198328189477,10.341128341075619,10.455482738584047,10.570261520714759,10.662899491493517,10.753017117878748,10.828294174198252,10.901551574471428,11.026342502127124,11.169500085473818,11.301059290315456,11.391960800693084,11.482862311070715,11.585994546379105,11.692194321064013,11.734526116502742,11.79607530011028,11.878619412912125,12.018989484079245,12.119172883714123,12.202242205558312,12.26672442125025,12.383085251131675,12.482778925224641,12.555465696543944,12.603234707075051,12.707111852100859,12.809458277274727,12.917569358013187,13.049300332579348,13.200809800965681,13.347097485070686,13.453825169747692,13.569097359362273,13.717868267183112,13.846716377170646,13.939446950197203,14.05298985325239,14.250721776725044,14.402116105541142,14.533125869341088,14.672290369977958,14.822599263735905,14.940112032908532,15.09862257675612,15.227796020555944,15.297719849684384,15.431527516614153,15.583546254322851,15.699721636469949,15.79584904013023,15.915532270057076,16.075021959578276,16.171671952566815,16.26832194555536,16.364971938543906,16.46162193153245,16.565697079442856,16.706529843357853,16.868861721302782,17.015134518947928,17.170338468488715,17.3274234028944,17.462504964036658,17.56098401967413,17.689534177093112,17.84307630726462,17.99855661466373,18.0978195542936,18.233731631174177,18.369217490582997,18.505252202031706,18.644642880978527,18.784457944547626,18.859587305911383,18.924023677951322,18.983957184062785,19.002509571465854,19.02021318962436,19.029694348867842,19.033881247018332,19.029611450114142,18.946044777252904,18.837252192688553,18.733549838134103,18.592352113116466,18.389437530141855,18.175084190068382,17.794456340929298,17.460684039765038,17.172258021496457,16.781306555007436,16.461420514264347,16.12964278778423,15.423820513033268,15.059566902093486,14.444007882299449,14.071686207755171,13.472531711414222,12.923220141736055,12.30675020031132,11.666894640281637,10.901672845279439,10.418898405479242,9.89086362491035,9.220167876053505
attar2014investigating_plastic_a_2_sandstone,19,7.018481323257514,7.140532862515705,7.25856411860591,7.367130524905522,7.446665314385869,7.536182683001181,7.633771301439817,7.724559374586737,7.806825046293106,7.914788185033846,8.003518491749194,8.08841759241248,8.17973253555672,8.278131704553793,8.34794491694692,8.422069148396583,8.518466294633594,8.610603527108319,8.685270933453536,8.783549937919599,8.876700941464467,8.949796289423913,9.039283484463956,9.132226152718616,9.212623664793016,9.284037563229791,9.368022538284807,9.46651196800224,9.57293237634283,9.640808620336268,9.737824398523847,9.828805621009158,9.919605793001933,10.002915553769471,10.099518012546886,10.196281145478768,10.296716765456129,10.396589269966125,10.49533929045276,10.595348481415417,10.676073082214545,10.73465291979433,10.831037084842666,10.921540000603683,11.005776613119378,11.088127521137773,11.175030044080769,11.276313467444572,11.363987657609535,11.42960540131824,11.503636456414856,11.579888420902076,11.66165799075984,11.735175029720343,11.822815016509727,11.910334736406064,11.99242502403132,12.073917637617718,12.158272444080751,12.241465752377005,12.315350361602455,12.388511125554569,12.480313922475013,12.560559524012845,12.66827778635615,12.740362687153212,12.83749786887999,12.925759430071297,13.009082683664934,13.084580352023464,13.151055573813917,13.241608263476554,13.353869347244277,13.44182937540973,13.511439759930541,13.589728208539592,13.682821802620875,13.751722321925476,13.818267641011138,13.891851517476393,13.98075442007351,14.068511973678826,14.140315743696243,14.197965978813505,14.269998530436068,14.351223404481885,14.420560093248511,14.466548065466077,14.530369021454325,14.599127169519102,14.674997214607645,14.685383557654548,14.757996749879707,14.836538826474955,14.895877738092624,14.94349917483474,14.9765820126624,15.053869341678702,15.143204375259991,15.197494915789331,15.231840610881887,15.299691685199896,15.383817112503728,15.448774505348927,15.513219388063758,15.576380457227726,15.629853556132238,15.682615701892232,15.74181381246174,15.795403843366765,15.83889689669597,15.880588764954952,15.936119690276657,15.994439229376221,16.042857887217785,16.077283697892828,16.113309114814435,16.150471176005475,16.18710706953941,16.220557661283,16.235962353010187,16.233849978019425,16.2406507046681,16.236082314982053,16.212996642365148,16.209100197485725,16.192872402722998,16.189054546266913,16.187574706354766,16.18674609231597,16.197647353587996,16.198331977444514,16.162341782999977,16.096107825139576,16.07315195802945,16.06057833178423,16.041150100391757,16.00008265488889,15.91995830636533,15.85030611982684,15.789323976091351,15.674571691969478,15.541278739402957,15.403740782078762,15.23654166634929,15.097845874120484,14.923571048560081,14.781991058852666,14.575804701693801,14.313171333945084
attar2014investigating_plastic_b_1_tuff,35,0.2038585563514606,0.4613210390015281,0.7097225675272374,0.964916617319396,1.2082587596651142,1.4642721344111138,1.72504133874953,1.9771873074982018,2.222550685126945,2.4661120056805643,2.70565224303014,2.953362222565277,3.1935047325381385,3.4393763639687065,3.703194236699339,3.9422330362331968,4.17343538944947,4.410202075888894,4.6558656969868215,4.880908096965988,5.109003932395904,5.336796381061078,5.563163734793808,5.800870078594814,6.049531846377238,6.3075793035841645,6.57862291051581,6.843096504735141,7.034625213357934,7.250001679297847,7.4738376632998165,7.714764769035083,7.906243108477995,8.166054170742083,8.424856841780947,8.687045899239463,8.950440818726982,9.176169365187059,9.417277324028552,9.68239269538654,9.925906393565947,10.169354716554139,10.37298030995464,10.625384741093672,10.836040953070501,11.083559786404232,11.333138132755673,11.575443505870679,11.812207204765413,12.033383334893083,12.296907142160325,12.430489007859002,12.696395323306826,12.996955343748958,13.210479842427457,13.479783356409397,13.723748015170104,13.944016413477737,14.154211141814464,14.36163814952122,14.60504131344877,14.88290102489113,15.070179048413447,15.292366460054273,15.584705826402617,15.877694555130445,16.154500128333897,16.429576411157722,16.705630721557593,16.982663059533518,17.198038741337793,17.38010555495699,17.59149038602472,17.81677300757641,18.018462287575687,18.245491014989064,18.560108561575095,18.844604699320854,19.086910072435856,19.362297176272182,19.70968876670191,20.030767856835876,20.241292682016706,20.442057954081715,20.710706744504726,21.03428724383847,21.304910113329353,21.41813714578084,21.665172595571217,21.955800741172826,22.15598449387155,22.47226857445144,22.776071300721583,23.0186096934591,23.21961168979993,23.430274395289622,23.782729195982643,24.124113145868048,24.431937759081404,24.688478346932722,24.973472869110857,25.284277770196322,25.586867310252234,25.85618244937641,26.118293804542372,26.41355737709992,26.754691353001732,27.0376019502983,27.30456424184483,27.606780333734775,28.043607743913793,28.351430691225023,28.666804523836678,28.932974454009834,29.269786348555545,29.71444523221869,30.22380200637059,30.555934219953226,30.815383841166,31.05232412199416,31.290741372184236,31.656917234501854,31.78638456361164,32.18348329569276,32.50452064206211,32.89243348581907,33.28129560916993,33.68025261037459,34.115653027248605,34.5359852792218,34.89159354867641,35.093967316065026,35.2953630558776,35.33897377222813,35.17333991154956,34.75801167095852,34.07793434570365,33.636564622649345,33.19056412787395,32.58254846648333,31.90306441865423,31.147992556489626,30.093823696164105,29.12694815363814,28.141793193483895,27.259596472847406,25.77572738190652,24.4701029155059,23.29307235133642,21.055390388315825
attar2014investigating_plastic_b_2_tuff,35,0.07518290969152576,0.3018860745413693,0.5377279513310698,0.7761015087755518,1.0192346784689703,1.2596748905088333,1.509504320391094,1.7545617616534226,1.9941528346541557,2.2359016703592567,2.4868879962420407,2.7422929088312435,2.9976278936660536,3.2449867695331878,3.470557314339778,3.6998980534637673,3.94660158825632,4.179718006659717,4.411211977347157,4.651581029380935,4.892220773938344,5.1444980713789565,5.39654029729351,5.639935604866292,5.889789744960922,6.1131019605177235,6.320158017821085,6.57593266510704,6.840980254456387,7.039610569586152,7.28528416966123,7.552737755126526,7.793640367764152,8.034542980401778,8.275445593039404,8.50499704131401,8.726009093171838,8.978223965988935,9.225579973900105,9.479958656227536,9.72808615033325,9.983827588881534,10.215389042482592,10.422029492909797,10.705674376844552,10.925745537419262,11.141545434292935,11.385596452570509,11.673880801571856,11.915736699353587,12.181725676676642,12.399187570490774,12.685680367364458,12.872655472319524,13.087439960882566,13.304866902596936,13.545235954630714,13.792587711492482,14.064526185177119,14.335174269531908,14.61032458875515,14.885518067967606,15.1537926671312,15.39682952218422,15.64275968293687,15.914158066420818,16.16134280981824,16.40491322547511,16.616603123416102,16.82173694528755,17.005406753825344,17.22691278612578,17.50198719546388,17.74892277931063,18.058786190088604,18.383967414983648,18.637785294900375,18.921815767919814,19.20068814491014,19.48012813418408,19.762636686707765,20.031929702334708,20.28459012806433,20.567022194699152,20.815651171707273,21.144869366238872,21.35822835189005,21.69391218312902,21.944161456105995,22.1925339171975,22.440906378289007,22.711450696142936,22.986926598647038,23.235832620342393,23.484883442860518,23.78242926534774,23.984879641126344,24.32165991137896,24.72599174406211,24.9446132493804,25.19234990423312,25.443390168343868,25.737260460879014,26.046295715171976,26.30786701151852,26.559974396836967,26.852688837586996,27.121467874706607,27.445833724349473,27.8112831333469,28.202338233926177,28.596469464454007,28.946261627973126,29.316917030998233,29.683131705138624,29.961297017050946,30.43840730962625,30.774934972811778,31.056357467944604,31.376943302627232,31.690100073352042,31.991032197550823,32.443615733121405,32.80911493182147,33.096357819622106,33.480483485760494,33.81688257561423,34.146854057639274,34.49322906702624,34.867115508376884,35.033781402048376,35.131685109595026,35.160008755526334,35.085859592615485,34.92431051721735,34.64342696608262,34.06167238854913,33.615086778895176,33.07788652801921,32.31757742994351,31.10491593899235,30.27030589079961,29.261996781832785,28.25728546146653,27.023322569728016,25.642921167656915,24.280360591260933,23.15735297428008,21.708625832017646,20.67910154824383
attar2014investigating_plastic_b_3_tuff,35,0.11876982998541087,0.3847786961876414,0.6435152521891514,0.8921292870855563,1.1420502802816181,1.3902919997614422,1.6447636840247528,1.8913389163328875,2.149885609825456,2.394227890473287,2.6512688473845616,2.906052939632523,3.1598325755478207,3.4008807143369513,3.642092821163758,3.87850571639915,4.116888827112796,4.357321187076079,4.609567833438056,4.874586401617965,5.114520063007759,5.33124043145923,5.547906845496702,5.770056084618386,5.987017537290005,6.2013058055295245,6.4192015411730186,6.6706333931243735,6.940857342006194,7.1938081466288315,7.4380710461973045,7.71501048168083,7.967773971803521,8.194809395435657,8.456322806638353,8.612547164735084,8.812617504670186,9.072243532972886,9.296581319907379,9.563723804062993,9.834932707200863,10.124962941450518,10.369225841018991,10.613488740587464,10.86232127576547,11.130850941126294,11.36597176603564,11.554171520575034,11.75799807540273,11.997472167311052,12.227303097014312,12.46966264931342,12.688794921859769,13.00490834917796,13.231287749420723,13.47428175080962,13.717275752198518,13.98601020965299,14.193201588343463,14.429961510845626,14.658248923063876,14.86270917389247,15.135617724603618,15.37797727690273,15.620336829201838,15.862696381500944,16.067706283719914,16.34310733696723,16.550135391797518,16.788071411140585,17.029796514349904,17.31472400036839,17.60363727352067,17.982257695966794,18.196892704979977,18.525320000646893,18.722668749532417,18.970864002370217,19.31434822883748,19.58727049654477,19.584116191293656,19.80401684777639,20.074691593663896,20.29001763626427,20.574687706991266,20.833598059011717,21.17905050714473,21.473233053351066,21.76854078863107,22.019838604794952,22.266004851632793,22.682242895454937,22.87825636754977,23.008937548715352,23.484622077235077,23.679151337498553,23.98028039945727,24.283732182994697,24.547645842138788,24.878417127900473,25.250225688814332,25.565111064507366,25.869999808884963,26.12251054662069,26.375021284356407,26.627532022092126,26.880042759827848,27.20118327437775,27.515346708864833,27.900292854974904,28.170388079723203,28.475951318957627,28.792170398852058,29.079491561022788,29.403183496475577,29.738622100945804,29.978667586468752,30.188530103930397,30.513566697239504,30.93172851601552,31.26182210120222,31.67296811331604,32.00264627642581,32.461842231807296,32.767519990488424,33.09613854229868,33.44125926012461,33.839066668957905,34.205211923332726,34.4420809284219,34.72818983994095,34.9826717817022,35.046630915302224,35.01030722483891,34.99143308461418,34.83151947789717,34.40911607996404,34.106702432819354,33.67452030217418,33.14651010423364,32.52301455784719,31.646032496398842,30.908050257057067,30.169393001557637,28.999773262712676,28.013261408253104,27.046384884795014,25.574366746885815,23.629603169630506,22.661766510826283
ali2024secant_DRA1,7.2,0.00020578079690892383,0.0032801093829165334,0.011383970884874866,0.021198543799449833,0.038706377507228086,0.058873174832558425,0.08873785797885593,0.1226162010947044,0.16570948912170763,0.2129332576466723,0.2563834022811389,0.30010770387647984,0.3475513782667081,0.3952257861481643,0.4546276498485142,0.5091067396751277,0.5544946199576475,0.6095870530122943,0.667419518877517,0.7489966827085359,0.7998664145144215,0.8523984465823514,0.9108199772422156,0.9769276236574599,1.042333852749332,1.096443082911094,1.1364633164903173,1.189753351391104,1.2558381041790354,1.3260790904784083,1.4114406342229595,1.4589331964407655,1.5175726908233047,1.5572039534173654,1.6090805197479765,1.6645960640186197,1.7319809653587797,1.7703049871573977,1.8176555294815373,1.8702178261461795,1.9372944338091223,2.0265620785480576,2.10743049680089,2.1534172671595435,2.1874944202142057,2.2161329625002275,2.250603123879389,2.278312362146603,2.318390512088158,2.383579146285825,2.4584772931682024,2.5328117612754353,2.5918307164299876,2.6313490600443035,2.6599731628694925,2.70229801763311,2.732380452473987,2.798900789368515,2.861755364810508,2.9514077578927562,3.061973852215543,3.1687951659611344,3.194430904268526,3.272815559543246,3.3181530125931182,3.4220681587311237,3.513170008773295,3.580498331980541,3.6070791230700223,3.6763724139795886,3.7577936250062893,3.877986932980571,3.9906372511151007,4.104899344259484,4.171929611149232,4.234885685372549,4.321397080357193,4.387627472335746,4.443040258919978,4.465215433066896,4.508235043052393,4.551064471152868,4.673353551711415,4.80796435852081,5.006548433247915,5.100345911856252,5.206052443905157,5.209403856521129,5.224783896227162,5.323098195779902,5.44598596286375,5.518582754398532,5.639413338990651,5.785360081179388,5.928551814963013,6.110856422403816,6.285461497036376,6.463246573184205,6.608876436334447,6.8097540318027745,6.887385821494201,7.031190181066899,7.144126143913989,7.272069944239403,7.426506592425485,7.6171916415321705,7.767848701774832,7.80408230213029,7.917744258740378,7.954794871946061,8.072051020766716,8.05958433884413,8.00091575258493,7.903271924449632,7.810652206293144,7.792181670800954,7.784057480670936,7.767325539058224,7.668314329574989,7.598693310431261,7.448219825117086,7.383125683653598,7.259082386047073,7.1659932918546785,6.99462259815055,6.794758249415427,6.550321447313177,6.453228312332914,6.242154568690168,6.155211024145096,5.862596298126361,5.614189117013527,5.3183930171865805,5.102666064619957,4.96876524547173,4.8125517716317345,4.691782374441513,4.43322349381256,4.132339172156516,3.8966999283921115,3.655619355496685,3.4344594869502543,3.245471721428121,2.9092739925804834,2.4060335848210364,1.905069904617729,1.373009358727142,0.9659416324028037,0.7594471234375714,0.10739185338684461
ali2024secant_DRA3,7.2,0.010718641664513726,0.03608466367887236,0.05961891757302045,0.08205813961474095,0.1048935679343695,0.12764640751327033,0.15002200713034058,0.17214246774834477,0.19396848349248028,0.2152512351150082,0.23798758768907863,0.2617476472430214,0.28676098463703525,0.31365889830552457,0.34112267191675966,0.36879474084398134,0.39679084075583887,0.4258938863588875,0.4555627919046818,0.4865207462511399,0.5177883723818328,0.5506359498705339,0.5858872683623509,0.6208607521542732,0.6565887158698566,0.6947736558862346,0.7340703200761423,0.7742723601744431,0.8153797761811373,0.8573925680962247,0.9003107359197057,0.9441342796515797,0.9944339165714856,1.0415109839915206,1.0979079198681956,1.1432102471515755,1.1932361934405644,1.2413906044817171,1.2989836285186795,1.3606778197245446,1.4189632673834462,1.4822735164012975,1.546288342447289,1.6038821945511144,1.6722414801863352,1.74201541567842,1.8053905489499806,1.8691367377433543,1.9414768629440822,2.010768163299627,2.0910817076446238,2.1723802807062724,2.2557105361042322,2.329267668739594,2.4240113871139175,2.4873737694331512,2.5836014796085345,2.6734204288582286,2.78217565017245,2.8691208451273247,2.9600940363749544,3.0507931673141258,3.166586859753933,3.2657333657247003,3.360933580561801,3.4464094848297253,3.5611586281777368,3.6624630153758106,3.7751544666949433,3.885545577875478,4.007929161038944,4.12346595488625,4.251426556464068,4.3620643064314795,4.474116706255754,4.587583755936893,4.716494572854933,4.835392953810626,4.957364079317935,5.078750212761808,5.219076176484177,5.345467800281345,5.5007503440547065,5.626496671891758,5.764492416545512,5.881113567982207,6.011986846172768,6.141901037934887,6.266137814061677,6.390195954207389,6.525244210315313,6.654573092008317,6.776071858855384,6.904349105808042,7.0210010938723215,7.135631203217696,7.245242279093868,7.347951728618656,7.442561969766464,7.535072197843462,7.622971045562333,7.698887848586406,7.774804651610477,7.847634320262932,7.915080889799037,7.971837032652221,8.023432988723506,8.067194655193262,8.09322280377963,8.11314343001206,8.114858421760651,8.125310786263238,8.134631430880333,8.122404943272416,8.062593261866006,8.021146619086501,8.003370235199325,7.948952890250758,7.874674618239656,7.800147837403756,7.725238068472104,7.5752583162603075,7.466492800085146,7.361160860261488,7.146559939718247,6.955622515800931,6.778384359653005,6.6342612127620395,6.494571741207667,6.310723242417859,6.116413288197281,5.896931224448254,5.550071595538335,5.335019495195365,5.121638081857465,4.850330283025536,4.634293634510622,4.371438312891801,4.145265278368177,3.829820878141932,3.6025569571338774,3.3736568314292006,3.1044862580695227,2.7561103645274083,2.5415362924243774,2.1983083561754793,1.8889446127412541,1.6411225288358502,1.4140783429664028,1.1673946611070722
ali2024secant_DRA5,23,0.05119453924914641,0.22933505412788327,0.4016229653449146,0.5686810591792381,0.734738670315853,0.9003274206695815,1.0632843137971373,1.2251050391896003,1.3862203235555262,1.5465501477289134,1.7065343897653205,1.8615475941831243,2.01455412381524,2.1684842106814113,2.319291818993533,2.4695701361175475,2.6211021027881087,2.7705560360415893,2.9209742031933086,3.0738036052583606,3.2221394325799713,3.3712104976939403,3.5169610234943156,3.662592596241562,3.8084128751648008,3.9542305125289565,4.102074419829965,4.251174609902442,4.396953979794092,4.542096873623336,4.690059467542357,4.834000620391923,4.977043455483934,5.119370131767241,5.2639660959185886,5.40915719250309,5.55387084988179,5.6958375079718,5.834967691517103,5.973381716253703,6.11287487914427,6.256274859779687,6.400307141773216,6.540620125962881,6.680208980756829,6.823006898993341,6.964352830219307,7.105201960711432,7.243566961231806,7.379361229272596,7.518854558514629,7.662743061401063,7.803309109097449,7.943946871342912,8.087377852291306,8.22988829309343,8.373039485432733,8.511097675459274,8.646635975244097,8.78499615600745,8.926790371762543,9.067786773765782,9.209417464295493,9.349838545147097,9.483363856106035,9.62757470437153,9.766650329611537,9.905355807685817,10.049907397549317,10.190032570212956,10.329953126074104,10.463235524031427,10.599922785771872,10.741935998792751,10.887589181493842,11.02648665334256,11.165179508388793,11.304282226230422,11.444912126369342,11.59113877311601,11.737365419862673,11.883592066609337,12.025551403109137,12.161787290580614,12.298198449123749,12.435455026388718,12.573571421800485,12.710833529367113,12.847455284089017,12.98479338649286,13.130251430628503,13.267784357325116,13.409347908579315,13.554677852279791,13.700007795980264,13.845337739680739,13.984152881228102,14.119463786530472,14.254306563382228,14.388508574382636,14.533454216777601,14.678399859172563,14.817278773967661,14.94698314647415,15.069998951704163,15.201965111248125,15.333888328031174,15.467207965495184,15.59084192007529,15.718111008249387,15.84181446163206,15.960654173886503,16.077588338431315,16.18380674432968,16.31064108564089,16.39834732687643,16.498776532035595,16.585917295312417,16.66141048727601,16.731266573147433,16.776336089364342,16.855530812330592,16.906960987715223,16.95695884548245,16.9912935977829,17.046472695679746,17.145978944965602,17.2486521249366,17.340354850307023,17.44909253010257,17.527043352970317,17.59891643773446,17.66088901513032,17.718059207665373,17.756883717508885,17.805929840219193,17.832466595602547,17.87580223236181,17.907005435006536,17.927437086474583,17.94714645623512,17.973924605592455,17.985179983537094,17.972116549439026,17.890500570647276,17.74919649905466,17.647487878237783,17.4720896934966,17.182376354389007,16.778971572337422
wang2024triaxial_DRA2_1,30,3.6736641221374047,3.9208857496069207,4.164805137312574,4.3935098955101,4.649339149778052,4.902885495078963,5.142753957514217,5.364292435157314,5.585051369706538,5.7956594285132885,5.993389719965755,6.220851835806252,6.460319589344881,6.686000639137964,6.925281882224029,7.174773046419521,7.428900353848466,7.681162263777318,7.9230322925986165,8.134071643061274,8.341006221036219,8.559129523389299,8.790883430979449,9.037592032545149,9.25509450149103,9.477812608848248,9.779326530153615,9.960006159227502,10.223664653721908,10.420866679490437,10.600088845798533,10.797403347788213,11.02019762435033,11.2278491459014,11.470702783499856,11.698480863208943,11.953383433793872,12.222859951026937,12.467098586270051,12.758029255444278,12.900749342166893,13.118291661527032,13.309752140501914,13.558017459932557,13.817864205102172,13.900127946868611,14.122580309245121,14.345243680765078,14.49383447602155,14.673833831377168,14.85616881448062,15.01366441687969,15.179219232511684,15.426140225239553,15.636076465095746,15.865496016766695,16.044322665990403,16.218972879042806,16.422089442636633,16.622429793025674,16.787291899801044,17.016523186354327,17.16155595219738,17.344108078207526,17.49737728943219,17.636744372504758,17.77921735864286,17.949660073477833,18.186623021060655,18.282066850218804,18.463452855788976,18.730286191088677,19.022768201431745,19.318643219685352,19.613303423047963,19.89903931967034,20.19425346095058,20.42990954451167,20.632655362947048,20.82279450579282,21.012152706505073,21.200984603527278,21.39343183796271,21.53085761970853,21.65278065855135,21.82592014774273,22.01510064983276,22.11935095831065,22.29510666773312,22.4754232339169,22.694384984251972,22.914221545946514,23.134058107641053,23.34571331380205,23.52360148322464,23.70070871051372,23.843287023049353,24.000799909383407,24.133264383966715,24.142530597966463,24.048141986466224,23.9482867800314,23.805256242606642,23.73217658235801,23.673823680636207,23.563995644408244,23.299914925142282,23.12140146432162,23.079992254408864,22.96343753237261,22.672376140615945,22.530139137140317,22.48329371826415,22.457742800591873,22.321778393587135,21.9300733548041,21.818505007181308,21.736805047084005,21.54354459484561,21.171499524674047,20.8362875440653,20.615587084526492,20.522746395813385,20.25890452025619,19.7711993706363,19.7702753785263,19.375463943400163,19.13640816857846,18.98679656250198,18.671933136646132,18.22228446055024,17.813405252678926,17.526254647771104,17.179648708120705,16.894698506415285,16.653537044334126,16.439565565232595,16.39163049121257,16.379841799286712,16.10640158871776,15.796269734735045,15.758834803678793,15.710768720724955,15.628963005573155,15.544814464020813,15.187407998740781,15.19945545506324,14.8688162322212,14.452038589944422,13.945828651141165
wang2024triaxial_DRA2_2,30,3.646308113035551,3.9093040669030126,4.141279289420518,4.370927155400634,4.6263409413353305,4.879585588884152,5.129998376606782,5.3448604249067895,5.566525316235074,5.789406146247789,5.9774202719499545,6.199489782604544,6.4321802851490855,6.662980438458413,6.891890242532526,7.158092239896944,7.407591373728699,7.655932714093588,7.892118377801762,8.108210274239104,8.328890270593062,8.542285901742927,8.760814125301339,9.000403280265939,9.231661237422742,9.434312725821338,9.737005680403817,9.93952735394629,10.186663712508901,10.412953371716682,10.584793845697249,10.764190878949488,11.006791206010458,11.231756342094846,11.455911328507,11.664529802560555,11.901325914537216,12.156077293503175,12.398368890257284,12.681572627537639,12.858829138740495,13.07443840266595,13.264880374236089,13.528064880603766,13.752037306992102,13.901942660786911,14.111540678769737,14.330750132460913,14.435226196247102,14.60650741133748,14.797394411707915,15.002368310207945,15.183356194581627,15.388817263546171,15.590445146549696,15.817169632819551,16.011046951245927,16.180662920224663,16.38032949304888,16.597254840142213,16.7946213995884,16.99410128592821,17.18553704703127,17.313879345687646,17.500358904910524,17.633815720248116,17.723376769519213,17.927728841897082,18.14177777806247,18.334200555813233,18.405257106479343,18.65638425822235,18.94396794841358,19.247836888210895,19.553596177243428,19.861245815511168,20.16164578348615,20.4164825903252,20.62612945567677,20.815028160662095,20.997486792743917,21.146558360803592,21.2940096295188,21.50561477161481,21.665703105790325,21.795878193843095,21.962514781617482,22.086232080023358,22.190805067617706,22.394671572800313,22.6556512187893,22.90550458012338,23.12538770550139,23.314444965159904,23.437363245280636,23.574511536949075,23.75009090545277,23.96487832762803,24.07326218565382,24.07237249074653,23.96607637778433,23.88481339964607,23.79023792797715,23.66739551505169,23.642409374975614,23.620800907750986,23.376110573739123,23.198986528350684,23.099603482724017,23.059293090772886,22.871769436868583,22.56933166587305,22.518984050911055,22.42157473160938,22.326078357335476,22.16979600052908,21.97649786950597,21.777528690777217,21.46219714659827,21.177467431663256,20.931190089430306,20.6743937421904,20.445096073489392,20.146768489280305,19.905767760843723,19.750008101959153,19.396942080412373,19.095598364688186,19.004774126368456,18.870642882015694,18.50126328678293,17.81288582423288,17.443157817573365,17.20860783016912,16.876520755681018,16.626063463017605,16.22522242244841,16.212330300343787,16.30242600899688,16.208430206536296,15.867689021801217,15.846381637824951,15.766709939857815,15.654803586782432,15.588844590085277,15.306928639878004,15.167064411344253,15.035267382759832,14.566213228479631,14.006081279466766
wang2024triaxial_DRA2_3,30,3.5648148148148144,3.8103344013933067,4.05309150264958,4.293439460140047,4.541618270265437,4.800762903175707,5.035380178429012,5.2585531253677855,5.498240871840367,5.7138234562508075,5.890319801510775,6.125061647277029,6.357839475038852,6.584248120094019,6.813530532769905,7.07008960949437,7.333541249202133,7.575222243516178,7.803321382258512,8.052599668309337,8.240569641126616,8.45845055690736,8.675628186166072,8.941475208912696,9.172264549597918,9.373632666597288,9.670992882796165,9.875169980453025,10.110057754332342,10.329060166627267,10.489890160407912,10.702659443648754,10.93681131675005,11.168681316995178,11.38685534411995,11.593323056499555,11.852063926075857,12.095706379856473,12.359887178334926,12.605805857939421,12.849071980731603,13.050264192780295,13.201172732099073,13.45093717309302,13.69519772051243,13.858334533112277,13.987660751290848,14.285065356168813,14.390521352401494,14.55050643323221,14.733003048901873,14.913816220567737,15.109405260977788,15.333623990099255,15.552816498416332,15.759789115864406,15.961846881673228,16.142364275049044,16.321408654921534,16.508022436559184,16.7060389349028,16.9077166960173,17.119438047756535,17.273794501869997,17.41721036307192,17.541058891891797,17.702569851495486,17.89357491292065,18.083738252343913,18.231483669417518,18.38610436091099,18.598845381844573,18.898450134811135,19.26220374000464,19.589851653236245,19.847831452810208,20.138122754526275,20.37682885303613,20.570249926992297,20.762934494196806,20.923375013724524,21.100080029691135,21.299076825011035,21.52370562387962,21.635106901135263,21.774217411872897,21.913624700742645,22.00723789249303,22.112761027555123,22.369587515159864,22.638925546349235,22.86246827654566,23.1136779403725,23.323448496488744,23.441588894685093,23.564760440324815,23.750058087513544,23.953283481803055,24.031481336722425,24.084964721556,23.967989345315665,23.768767771105,23.69618022248284,23.644538523708132,23.578699889434972,23.494846220115523,23.253714023818077,23.15778691298632,23.007783901144695,22.899080541376154,22.620520950682504,22.48679497297344,22.436405977241872,22.36904674299052,22.21969748599624,21.902644994811904,21.76665276369209,21.635859507244277,21.478522820238368,21.157279970890716,20.799270778976048,20.539654805965803,20.470988385177687,20.140441867427253,19.6754525985676,19.739302886108085,19.217371631403186,19.070613940330254,18.884394245240237,18.689780221593104,18.240745246072137,17.783813303609705,17.52182240933095,17.173868122246034,16.668506282847567,16.496859516270135,16.367988957379048,16.30366683982649,16.23915960627172,16.05040661298716,15.870132663201293,15.800748676100985,15.75765041902495,15.629908054696644,15.476920113323152,15.249480361328837,15.086461049873463,14.846803048763416,14.39541282353808,13.888888888888888
wang2024triaxial_DRA2_4,30,3.551912568306011,3.809292749843385,4.056325965209819,4.292281926816731,4.533388823247085,4.803466843979265,5.051746539929137,5.248971302875786,5.489148202106783,5.7058336613104865,5.900583225191035,6.118784367438686,6.352869617508445,6.587468679468029,6.818282407667962,7.061241411421037,7.322549442415297,7.5783264347255095,7.819793751724476,8.053076621887374,8.24468553141807,8.450264668270876,8.672632430155506,8.937018327199553,9.160992534654017,9.388026350981296,9.664297344091905,9.903020802542837,10.116752653452613,10.354716018842288,10.527446869279766,10.683139836177192,10.92712803021968,11.171116224262166,11.38008204616796,11.61291798813983,11.85593989230492,12.098961796470014,12.347770891183774,12.634517643914139,12.821395007784822,13.014417973930401,13.220422010503995,13.449283335007602,13.668154106416104,13.828531068981285,14.002139869662487,14.22157442699189,14.392264021441974,14.576555895474414,14.759603438797543,14.940966691615296,15.120645653927676,15.319849922106831,15.552725782559266,15.785601643011699,15.964947265907652,16.15729413250381,16.381630287287866,16.554498329123945,16.70843850765986,16.90856737994376,17.140376008482257,17.268412494710372,17.42315588364793,17.504766260617096,17.696630851651804,17.887653297433822,18.085076824513763,18.236882553915258,18.36403425285403,18.6167308101582,18.914953944951858,19.259280116074645,19.53551763102687,19.842978094686273,20.136048903894956,20.36506841683742,20.55366031468718,20.753782642180944,20.973146508973702,21.159695116004098,21.345401577781804,21.494858359512385,21.607987669768256,21.731727112191248,21.907016125560283,22.08639293290595,22.191529044031984,22.382340558306193,22.645089381813662,22.86540347385995,23.085717565906236,23.278161425522747,23.438444965323722,23.580252529886643,23.758941983107768,23.975118832925933,24.075261973953072,24.089038574247528,24.05505253597014,23.916285708589406,23.67975697618025,23.639536148326,23.656745217341864,23.533334416334817,23.262067533938964,23.10483141835235,23.058414071254155,22.925342314882915,22.641150466906865,22.492878782630143,22.479678338715114,22.394668696202878,22.260611228698455,21.973332862891183,21.84996264447515,21.757272528835955,21.55485811829841,21.14149762131889,20.843796845231672,20.543100146741356,20.441850691572963,20.201209293150086,19.78284458379063,19.65672213756725,19.226654013385357,19.05500397926349,18.92730584793296,18.685325265207755,18.29103440970731,17.81990555702721,17.467905192295426,17.158848075535797,16.772977280972608,16.5133049210963,16.40637884936147,16.390506403221025,16.34817698514341,16.134057037300277,15.878341936904086,15.800683366595345,15.768344228467342,15.647013478260702,15.615416818367517,15.30011667735703,15.17199825334263,15.038626847655907,14.478176551693123,13.99168448562604
wang2024triaxial_DRA3_1,15,4.348677766895201,4.511185554144367,4.672788954931786,4.83256253016007,4.990479056637931,5.149464046200767,5.3190408206905335,5.475442546820734,5.620289207270991,5.757706373264039,5.90311143479584,6.052794064656047,6.212907793868753,6.378680386960437,6.552551735304993,6.71382763826178,6.874000364454137,7.040173225587358,7.206346086720578,7.3725189478537985,7.531638893464525,7.686857475123022,7.834316675054799,7.979117499020225,8.121807027047739,8.26359382922271,8.407332846191334,8.549860808986434,8.689042582493382,8.838255057282312,8.972549892011028,9.090992607136423,9.236821844806775,9.386471779432382,9.537242659515377,9.655757730173384,9.75643822483411,9.853110290130164,9.96819537538926,10.097538050185038,10.23161322452413,10.373162230433499,10.448502902245146,10.555611119514875,10.678698897147713,10.800883948928016,10.85902636858379,10.954223943819605,11.059231457071492,11.166814166574733,11.252180153533663,11.359375031457445,11.493157163331741,11.545082658002151,11.60251672165373,11.694397288849325,11.808262220864286,11.905587203496676,12.021637631163918,12.165839778813975,12.310041926464033,12.439535890600578,12.549767143164383,12.67119723934596,12.766025853547703,12.823296013796345,12.841480678439371,12.908175516884686,12.956401392054701,12.960579465975178,12.953883613323402,12.985325056329765,13.015145932788858,13.082219017452081,13.133526732203084,13.181244821426617,13.243946193084636,13.284494376957992,13.296268950966844,13.292683098972061,13.300787325282323,13.282991026592725,13.283632617931138,13.285073241013297,13.281039303247182,13.25302918766467,13.271960863132108,13.277189927860613,13.239804573464822,13.097993167145335,13.002513722077477,13.00650732954938,12.95772944409502,12.786662099772617,12.694382228717984,12.637743104215403,12.374061669999874,12.213412916708775,12.13218458998919,12.028443113487542,11.910881037414482,11.771792079645715,11.6694692996017,11.57074184148439,11.485706312269139,11.397962605496275,11.270133677089163,11.087071050628236,10.953403063491473,10.853588859813025,10.722953235340265,10.561439561600368,10.451883430635263,10.278683649081454,10.01533810121514,9.802098194078614,9.618882211100583,9.472977388165914,9.26558947212487,9.0363907707345,8.878521186840981,8.66381438709061,8.423685848942982,8.303004274409533,8.184588813175758,7.890187291215432,7.696829533222482,7.662014071374662,7.6529659457201165,7.552027207534233,7.410736579782531,7.291515679338013,7.28487451769317,7.2045406520038275,7.045435017164679,6.908685203719059,6.852830671790244,6.790378703673955,6.7057926583543885,6.619659083001897,6.536491722763854,6.4794725396009625,6.4212927089133744,6.361952230701096,6.286024599515936,6.217195317775366,6.154240276988101,6.036172658262306,5.968320133267117,5.935286775547439
wang2024triaxial_DRA4_1,30,3.5678889990089195,3.8335091861926065,4.072149974820539,4.312840412874516,4.55596172078357,4.812783484310406,5.065946739233145,5.288750086256861,5.526962163169333,5.752382393512457,5.9340485552636,6.1474905749942845,6.395789780826667,6.641775846941134,6.866213270931341,7.112960842469446,7.362824746509337,7.6060132490861285,7.846886196746427,8.081867314291927,8.287197380403395,8.504231589230724,8.709664944911397,8.94985929965385,9.214291940554208,9.414401656780871,9.690172468988385,9.93072394635311,10.163357381846417,10.384416493282805,10.575499825984675,10.764754382683549,10.990680032905003,11.217798495778647,11.444126205876513,11.669663163198608,11.916593030166647,12.16745322520654,12.397124372661672,12.687512616805904,12.883637727753573,13.10476317630559,13.25679448783909,13.516865980034256,13.772555876366724,13.928697022876209,14.123218613648408,14.322735211960781,14.469188801425148,14.621216189721254,14.816345537914243,15.019936177502553,15.16382695836061,15.37175195242586,15.604010069615782,15.818642219968467,16.024687640978275,16.224071908757463,16.400452291345164,16.602696108526104,16.805085833160934,17.00668480501999,17.190617389115886,17.322667083721015,17.490403036322657,17.64718399864902,17.801248997795657,17.953468907132155,18.156755500901692,18.33643341429621,18.483676018406058,18.7068624465691,19.00605289335597,19.329736663820874,19.642919177962035,19.943373602374237,20.216624943425074,20.44023616463754,20.625062654107108,20.779563181365614,20.96120026016405,21.149940288138925,21.358296600861106,21.616702586085523,21.73073840908931,21.855838525130192,22.05465886901476,22.16813440963048,22.244341880925358,22.45156351126114,22.69412197039026,22.923525134928614,23.185773994417737,23.361306158926542,23.48859546581396,23.62080629725342,23.774744383767644,23.96865638722307,24.137447972075982,24.146138375659017,24.08177698964639,23.928219431085754,23.87314957659812,23.778761986771272,23.725428971420552,23.593687287013775,23.34790455302208,23.25471382894513,23.202150123673412,23.010484082876342,22.652044347764647,22.61570408904049,22.548991345945847,22.391915324066385,22.28624869390137,22.134605436462873,21.911789147428692,21.794574200146307,21.60040660383592,21.19813388815358,20.933717281276582,20.924883428781442,20.613694997568107,20.113387574845152,19.798898658376007,19.740591292416966,19.3690437895559,19.080001052285002,18.911199277376607,18.809996431951717,18.327207254146035,17.86597322764912,17.57838540879467,17.081035573234434,16.796791008121208,16.70092648601589,16.38235523634298,16.371894702315895,16.334823754510438,16.10699285834144,15.889219222205421,15.74000170861063,15.719908841185108,15.611124282099997,15.494306620168974,15.26904865256769,15.20212933270496,14.806476505743236,14.342768733055754,13.792416920283818
wang2024triaxial_DRA5_1,15,4.504950495049505,4.756557943359385,5.012620334605843,5.274258960739419,5.537289779113319,5.7963831320200025,6.051822067793246,6.312600402782039,6.564672054267136,6.814767146710011,7.0634577408925505,7.31174214391558,7.565693535930153,7.810488868666222,8.051139845206672,8.275311896986604,8.509561186854082,8.72653535265681,8.952587120819445,9.186507254350055,9.408857517820914,9.650791238322018,9.876640367944068,10.100850916262393,10.32806447418603,10.574671949825243,10.829513204120484,11.081276482607509,11.318041489705365,11.55643285713762,11.791900875151157,12.026060522358637,12.24666452954423,12.44742448471204,12.63107427430387,12.812360499413666,13.016955527078455,13.244209970997046,13.47228466667489,13.696862172063796,13.923837292383608,14.079614418134055,14.188630249054356,14.314205977179354,14.445219068046983,14.609789335393241,14.763275335161659,14.786865673603275,14.881977174412862,15.034205018529601,15.136634622918216,15.12311078975662,15.201062921038263,15.187244928407058,15.244071954140267,15.38058974177171,15.357113146652036,15.371196111817417,15.433862278326883,15.451545231538999,15.421195596077684,15.439444922675207,15.412651086778734,15.290366793407083,15.168610485768097,15.23957390169628,15.26436372315003,15.241293309325028,15.33311203704553,15.456336117969713,15.509169323911546,15.451683688814551,15.448798980572358,15.434391833686416,15.396603640184162,15.479898679307926,15.60689009600764,15.527162350633098,15.314039303542183,15.298865593462459,15.336070432508473,15.310759959098851,15.298398235703624,15.080950116383486,15.06144493037287,14.970757400712573,14.949189278807472,14.963572167349914,14.945002449235067,14.727157550800282,14.689030183791928,14.507403427136582,14.325540793578588,14.154469930635873,14.031534888705668,13.755979486939191,13.672442618715928,13.700995196944506,13.727909193869358,13.630357484104831,13.557487461175045,13.526661019274151,13.513929674816488,13.360929637471067,13.251130341889084,13.085127892682872,12.943908817395608,12.845595996601933,12.745617619475867,12.682700862312542,12.592186332934464,12.419157467623277,12.440162479681527,12.491507826363026,12.446831847813627,12.266459567250559,12.16999499076027,12.050403776667567,11.673608870987648,11.530173898244582,11.432289640993952,11.184883807304749,10.816708439269112,10.65455707348128,10.385617441727895,10.162109333254213,10.023447093167585,9.715031019649693,9.38945434672937,9.144334151278313,8.734016517973073,8.486902114700454,8.348556805252478,8.111094172074834,7.694053591373417,7.5872369181325965,7.376621757104635,6.961850364175939,6.623549978624593,6.517871366090219,6.358060196078021,6.179518118853138,6.058840832108072,6.041065471369839,5.884274285659311,5.7224703621402995,5.627238037478598,5.57792248515912,5.5542809520944925,5.529937169899698
ali2023evaluation_DRA1_black,7.5,0.0204638472032741,0.10672116003779235,0.19367388145902645,0.28074615493273225,0.3668406701296159,0.45211711972950896,0.5185953656049421,0.5927392070254661,0.6617523483176615,0.7244198590797946,0.7930029266009019,0.8627535474837457,0.9351985047200446,1.0064607996439443,1.076160106050554,1.1449627720636253,1.2133575883719154,1.2819419339445501,1.346288491739101,1.411688915731771,1.4776054296645638,1.541131022099974,1.6065742516225006,1.6732930947066171,1.7397149561555798,1.8060881037509444,1.8720308639574104,1.937543236774978,2.0031236634311917,2.0688412427486713,2.1339833279137492,2.1978563662025783,2.260629175582894,2.321237081785108,2.381271138135458,2.440731344633943,2.5004306490121766,2.5605459271877136,2.6201829971533637,2.6793418589091265,2.7380225124550024,2.7984051097272746,2.8587065212521985,2.9186492766197065,2.9782333758297996,3.0374588188824774,3.0963256057777406,3.154833736515588,3.21298321109602,3.2707740295190377,3.3303541368224314,3.3905326856226616,3.4504721303179475,3.5101724709082904,3.569633707393689,3.6288558397741446,3.6878388680496568,3.743714468958754,3.798688457099302,3.8498232169816995,3.897540653033942,3.944684239234319,3.991253975582833,4.0372498620794826,4.082671898724267,4.136422131682347,4.191917918550375,4.247775197677934,4.303966987692759,4.359953831331919,4.41828068474352,4.4769351594553415,4.535470082114691,4.59388545272157,4.651344230561818,4.706297146010918,4.761045115084355,4.8071872015131145,4.846986981019505,4.886212910674032,4.924864990476694,4.9629432204274915,5.0004476005264245,5.032249937701224,5.0625031363579005,5.0920390226997485,5.117606334093054,5.137848565746658,5.150135120472091,5.163416468533549,5.180831753961784,5.1859543566197335,5.172458209362018,5.156579335463883,5.148775538689347,5.146492247758999,5.136361532043867,5.067686326911352,5.026988477338654,5.006986223439608,4.975318039230669,4.860554210579219,4.798574104311359,4.734442061099007,4.668158080942162,4.599722163840825,4.518583604889896,4.44268754209194,4.4064850654518,4.357363111608075,4.271184241426179,4.11696260519405,4.062790328165517,4.026933791305897,3.9543505279078768,3.7970064608804535,3.7307661391524296,3.6588300987331053,3.6080062638865433,3.558809995826753,3.38007467105088,3.273735923130121,3.207556015510884,3.1012073836772425,2.979397263871806,2.8290209628147447,2.693156584561941,2.5671255316955914,2.485062940075529,2.265567897186101,2.082376732299566,1.967788363616629,1.875165531223612,1.7904716484472474,1.635413188170106,1.5155255226685105,1.4380965500129976,1.3748258333571457,1.3035087398517835,1.1832774161981876,1.0494052618366754,0.9564599759821787,0.8994681331221425,0.8225134598903264,0.6977406032427633,0.5202725705453827,0.39049867610559036,0.2818280024420036,0.17741556207970027,-0.010224071012533767
ali2023evaluation_DRA1_red,15,0.05457025920873093,0.18549494249580925,0.313907965753397,0.43743628807143775,0.5489449932901305,0.6660755272480213,0.7817772667072097,0.8875339434697123,0.9889389211132079,1.0859921996376969,1.1840536684857248,1.2819564593388646,1.3773902220605794,1.4756336662124483,1.571375999574577,1.6644809579418716,1.7581810860844354,1.8464962530920108,1.9351771749960982,2.0249579030189433,2.115574802178665,2.200571532083216,2.2895935301580295,2.3790079146213583,2.4673343743049365,2.5545729092087632,2.6413554523893024,2.7314127701773327,2.8215983651337715,2.911758971018451,3.0000861005116852,3.0853583191052874,3.1624163712315916,3.2415264060495845,3.324454525194022,3.4146353677747534,3.5098640288337877,3.606252086685658,3.702640144537528,3.800240564861695,3.9029404212298995,4.003459221211658,4.100128704049957,4.19116372932646,4.280577018509846,4.360487297133954,4.439672292571561,4.518132004822667,4.587789045349838,4.662738067088577,4.749263730646149,4.83473637285286,4.919367251324363,5.022908477561711,5.122341646630691,5.21647830459113,5.310614962551569,5.4028719772214675,5.475792590970111,5.542189966956175,5.602608134025846,5.672919330249938,5.744060776153774,5.8163812504443,5.900559125977638,5.992162959060219,6.092153337685161,6.194406242262074,6.323507027210933,6.448036325407909,6.5664639260895825,6.662371873824008,6.7511279744293375,6.831046248796908,6.878486240814527,6.913585469284934,6.938754646839655,6.962183144746773,6.983870963006289,7.028777043585373,7.117285201817236,7.205793360049099,7.294301518280962,7.397908091183299,7.515561722435635,7.651055954223833,7.7816341322843385,7.911687136228239,8.034258043030018,8.123102463197567,8.18116295624223,8.229223925144087,8.26986852434349,8.278053987280975,8.244054656918848,8.22342484655695,8.216193121565924,8.224686694496663,8.255583569365779,8.285392519455145,8.319938741431425,8.387033669085161,8.459206309813988,8.541804543330846,8.604418566807176,8.648597945532416,8.681294284403302,8.709488620467381,8.71980437611422,8.728814622025356,8.691379760727182,8.635050163824465,8.582612944943753,8.504729052139153,8.407269533184028,8.255023182648536,8.148282726451859,8.058604954643847,7.937188106706649,7.795476358044762,7.7130399517649275,7.638526845885191,7.526009192216362,7.3723388359714335,7.205312345776055,6.99034464219951,6.771025239503956,6.55874509558,6.3554702136936605,6.0141162328547555,5.776827183710314,5.505401346670672,5.28919398806442,5.071167121696005,4.897636276511694,4.639433006731511,4.314397218160544,4.127685085578693,3.955572383083268,3.6018108499302137,3.2749197262131173,2.919232903028468,2.7183665980776923,2.344280527745956,1.9616655393449844,1.6952875522629454,1.3016758868893958,0.8170505047307749,0.3317563106354909,0.02102440082641617
ali2023evaluation_DRA1_blue,22.5,0.0204638472032741,0.2038347846259306,0.38197898702913075,0.5487312379672616,0.717870175869285,0.8879019998291725,1.0517118747070207,1.2107272259049011,1.3597883401709765,1.510109702492448,1.6648379676397977,1.825301873735391,1.9896274083914265,2.149236626045342,2.3066781529074882,2.467535095744301,2.630863206821241,2.7961218300029405,2.966105563902214,3.112234923926364,3.274147633873645,3.436977033161037,3.607896688810174,3.7817783000206524,3.95658481519877,4.132316234344529,4.3089725574579285,4.477258122016953,4.632853674459737,4.799125387856015,4.987868100366984,5.193078053681398,5.390697749875268,5.586885730886773,5.780156706556677,5.961710340564565,6.131521704905628,6.2713589547083615,6.433134774653317,6.614907444169781,6.814436479383521,7.033000456828816,7.250455464133486,7.456818051471723,7.6647661884687714,7.839790479927619,7.983446592416855,8.113023630047866,8.228513356390813,8.372741162551637,8.56734107902468,8.77883614224883,9.03532940208596,9.302574890928122,9.604842275447872,9.889305013449093,10.087381825308489,10.261783555489506,10.407860461029623,10.50772528040449,10.661671393871233,10.753675643465607,10.918304126769671,11.109911782426057,11.335126046740683,11.642309969142937,11.971089361628223,12.214354235789163,12.42786167838526,12.639566517882745,12.846778923498608,13.006935828207409,13.14282566064984,13.278354924803537,13.438189508596748,13.649294209112375,13.834917337829063,14.060400092376256,14.292929716928434,14.515938804390355,14.762367305135307,14.978798610958279,15.220756472407034,15.45824158346496,15.66667106222856,15.852939915624704,16.072846762514256,16.32752190096916,16.596453516522146,16.80005785839566,16.937997742378915,17.044523572170224,17.15858354869216,17.307074359174564,17.41995498176373,17.404618521816975,17.484572916378706,17.57668409135914,17.76592638144609,17.98960647550498,18.217417016852767,18.415880532400184,18.553885518093914,18.653852941813025,18.740785577385502,18.750292005359928,18.74566277527976,18.697838557555013,18.59885522016646,18.614040571441315,18.6973169745187,18.76436202472112,18.87746182901356,19.12623332123162,19.27941707655832,19.358477969752432,19.386492648532187,19.30456340922439,19.089807555681862,18.733078945798187,18.29411234050852,17.748269817534382,17.281050673782463,17.036380414703846,16.70318763323302,16.396522935166214,16.092238030319567,15.970623735981102,15.842601077228624,15.631710955574745,15.314403985012433,14.763631669156187,13.8177874611619,13.180480379003498,11.829212640040325,11.136898145112422,10.58860367452234,9.02786824162476,8.34563043883011,7.577752576486275,7.222052278745055,6.960371776416007,6.335331281211281,5.7793782381982775,5.2562722962310895,4.406615495831312,3.685097335470826,2.485773468082603,1.3436644555943222,0.11154275716055365
ali2023evaluation_DRA2_black,7.5,0.027397260273972712,0.1241242518142069,0.21978961984206416,0.31681954879990004,0.4140703655425731,0.5099418255442784,0.6034046229930146,0.6958779206640876,0.7894169166232344,0.8824405077510944,0.9756889850735312,1.0692064466710403,1.161886767701246,1.2483423785295793,1.3337069358958753,1.4212412762574598,1.508002509372114,1.5965781231155427,1.6866520983023667,1.776174190363259,1.8631052136369808,1.9495208320794153,2.035958673946553,2.12222443081106,2.2080484121058914,2.290154854110846,2.3706130269023857,2.451421100964242,2.534017328232677,2.616098150669825,2.701483001544091,2.7872644888160365,2.872825088303144,2.958164800005415,3.0432836239228482,3.128610844762214,3.2173062658422147,3.306001686922215,3.3946971080022146,3.483392529082215,3.5720879501622154,3.6607833712422155,3.749478792322216,3.8381742134022163,3.931274453972149,4.025069563469392,4.119273279448647,4.2204756684548075,4.322193462292255,4.423402230742809,4.524279237911037,4.625598020648938,4.72868924886115,4.832878288177536,4.937125874665337,5.04030242711979,5.143920755143917,5.250228772348688,5.361205868407713,5.47284562782125,5.583008565182006,5.691426621826183,5.80051481674823,5.91811905344095,6.036496397380602,6.155646848567184,6.275570407000696,6.395223193543845,6.505366838815086,6.615952259656001,6.7235584996154225,6.819235313410128,6.9149121272048335,7.0044581632526866,7.09184823691366,7.179017422789796,7.256033340292316,7.331251327324434,7.40170293149029,7.465621294695985,7.52876655065475,7.573067650576493,7.615362438360468,7.656420254549354,7.696241099143153,7.723564939780064,7.7439029826531245,7.749322897507753,7.736594807809601,7.7014125179079915,7.6537212515624296,7.650299417834051,7.631106403834688,7.593623007708071,7.553562587425017,7.510925142985533,7.475279250540615,7.438498136799383,7.388341177245584,7.335607193535351,7.288909772562906,7.244156872894176,7.197084651484656,7.13240663047395,7.040240390908878,6.9449817223560855,6.821431589804649,6.69210627106488,6.571932884570286,6.463669828001632,6.352314342445258,6.237866427901162,6.120326084369345,6.022973651406029,5.943626864652203,5.753753728336818,5.691302600578867,5.6075618296166665,5.495361002045342,5.3623549698220065,5.259959972039671,5.186496325557022,4.971712787396613,4.853533748897099,4.7052515346672275,4.5494136304899495,4.390483297324948,4.223039258163126,4.0248250432613855,3.8852260817010693,3.6530871173186754,3.382813765293173,3.2040595140718957,3.086290274317893,2.965103322501766,2.7780237924147806,2.68856226749799,2.5577252017595438,2.3342856285947264,2.189657069573929,2.0028757372328165,1.7623081658162727,1.51813276058072,1.3064577788736744,1.0924983959946577,0.8754465841279194,0.6713461135033546,0.5051482882476025,0.3550258541758966,0.21316457894622576
ali2023evaluation_DRA2_red,15,0.02076159356541418,0.12404170049256415,0.22664800420407527,0.32977286471833084,0.4333463507291288,0.5359373551748203,0.6379602790867618,0.740908312478723,0.8463579959026762,0.9523736303198909,1.058955215730367,1.164473474455399,1.2685935223976523,1.3727135703399056,1.4768336182821589,1.5809536662244124,1.6850737141666656,1.7913549340911439,1.9007463613774245,2.010703739656966,2.1212270689297696,2.232316349195835,2.343971580455162,2.4561927627077504,2.5689798959536008,2.687453459974238,2.8089852347709092,2.9336669773372415,3.058797098481244,3.1755851908322352,3.2929392341764876,3.410859228514002,3.5317906443343556,3.660308769725624,3.7899587971034143,3.920740726467727,4.048502004974634,4.170910829134629,4.293885604287884,4.417426330434402,4.542561317605378,4.669201877286336,4.794737949337211,4.920620559732697,5.0590164086963005,5.199087270751869,5.34029003479396,5.483036796558961,5.631057057504243,5.778370331709655,5.924256864249683,6.071275298776235,6.219425635289309,6.361508145393843,6.4990096365203325,6.670639138773908,6.842287022789683,7.001827879972488,7.169356449227931,7.342818070533467,7.510303269621231,7.675373149493639,7.836013710010778,7.996196882753995,8.14091360856505,8.290067554919624,8.460946821029465,8.639507247599521,8.825985217721378,9.014161040823018,9.204034716904443,9.402040915644756,9.605613837273413,9.780621421840774,9.95661308000693,10.14047044083817,10.32280054353647,10.5019812393699,10.672010208104902,10.8309160589572,11.006523038223378,11.197392776407861,11.413398978882688,11.634661799266,11.857905448125729,12.099065989445076,12.354910977434747,12.560948517949758,12.755808411837876,12.929901429498447,13.117414647424848,13.31447205824358,13.495222531208393,13.66798579693644,13.867506116323996,14.07503187461834,14.254657761942973,14.434943925426408,14.615890365068651,14.772271766111977,14.913614998742045,14.995667965332428,15.076400379605202,15.155812241560364,15.178616629780018,15.181290683312628,15.157355794829305,15.130251580783716,15.111089574142651,15.106586042403936,15.04609005986793,14.962408004507951,14.845546850264503,14.658189301208699,14.500366094939258,14.386944707764604,14.22417318454922,14.05644959014281,13.883773924545345,13.706146187756854,13.44421178251371,13.194897154431095,12.993293084150112,12.716869125032634,12.506166666280794,12.245253549299957,11.937753480299468,11.707144772799314,11.481805664185602,11.118237792673263,10.69190158894066,10.340942597541476,10.05029390978401,9.81333173608093,9.49406368314869,9.230097502194653,8.944694097152093,8.596394155891044,8.238552836558895,7.929509989819602,7.567818291729382,7.239858523605649,6.779488471311657,6.392281215465388,5.968852364351058,5.435080838005255,5.080799115524312,4.850734222956207,4.648869582478415,4.4438356164383555
ali2023evaluation_DRA2_blue,22.5,0.018606695480184676,0.1550679257785758,0.2898430120756533,0.42184594286958016,0.5523582872454751,0.6833289943659018,0.8159302602082565,0.9488826362910373,1.0809395986132841,1.2084996464275939,1.3453216975701334,1.4835542713847523,1.622858097742079,1.7641643696768725,1.899705293201554,2.0340834320305308,2.1684615708595074,2.312446319720059,2.456767111112414,2.6021769803421373,2.749686910531565,2.896709865304394,3.0458687533811846,3.196085239573891,3.346183221477658,3.4972722656930166,3.650465920981935,3.8058208998867973,3.9623321181551834,4.119999575787097,4.278823272782537,4.4388032091415015,4.599939384863992,4.762231799950009,4.925680454399552,5.108245193806999,5.281807883762896,5.449438137676113,5.614149597254801,5.761359600799541,5.930653407730851,6.099754263354091,6.268913449220424,6.439063697398353,6.634741046940176,6.81911147752506,6.989170922240704,7.1406582140240324,7.309583155654872,7.478661657814649,7.630861830971075,7.808302956720928,7.988465517633373,8.174409276044326,8.39084107096506,8.575015028036015,8.758354606853132,8.940654510318506,9.097131971713521,9.253609433108538,9.423993450482445,9.61604666937916,9.809256127639403,10.071790120622994,10.342549483302449,10.599169675723932,10.829395572148739,11.031897098605587,11.196216255104678,11.383028573769161,11.588220658867817,11.79853974119381,12.04780394959994,12.299380636733117,12.545550768138254,12.789237384175596,13.034906124836125,13.29215248008922,13.531326583615067,13.748376501624834,13.96181566808192,14.181930181679668,14.425070445451524,14.685510921445841,14.95943572195983,15.282108942279569,15.57562823019755,15.82972754138694,16.055348098075374,16.28904347700109,16.565870582950563,16.846415255993794,17.12257590827144,17.400718685172265,17.680843586696273,17.98109267568607,18.33515527259045,18.622143109749437,18.953773273078752,19.258373119488585,19.452633293657797,19.692655053498903,19.91396521499437,20.112603919268516,20.41081878368973,20.72138759888047,21.03481291454189,21.339177833224984,21.60419647617185,21.82338880205939,21.998284558578373,22.141429105892016,22.21099830068138,22.27825501674368,22.28465931297991,22.26132050423589,22.24140822033207,22.199945529329863,22.186835599633426,22.236890663592302,22.195732678132273,22.063459954120663,21.843558710061775,21.51868744965705,21.16306561375006,20.89454275126057,20.51459890807691,20.17023558465296,19.82004232472896,19.41479597723906,19.013641802003395,18.671773029397933,18.241224177601808,17.802003530579228,17.354111088330207,16.897546850854756,16.305299675614066,15.738437542847185,15.317535884305213,14.540610519732297,14.010118675495374,13.471127024689643,13.003904269856738,12.797491621273641,12.518230886615683,12.022132331893769,11.011092609044873,9.877023286489198,9.371715619505924,9.090103289136326
ali2023evaluation_DRA2_green,30,0.014260136244689588,0.1386825104949951,0.265640929744814,0.3945784283670985,0.5266440253607819,0.662275827195603,0.8012700544619388,0.9406265592237534,1.0816506542822228,1.2274165714727385,1.3777034520848572,1.5263933576923203,1.6756646572940401,1.8319672002269272,1.9903774719611065,2.1547868607680556,2.321678406514238,2.4957473289830046,2.662514946951213,2.831591490853965,3.004217956413321,3.188802789421422,3.3653807714244293,3.5418809070980495,3.7162265706686037,3.896668813870283,4.071944775340418,4.251745780981445,4.441027997998459,4.6326191409500135,4.819577214244881,4.994211337510824,5.17743497800785,5.3714367312183,5.572936699887363,5.763533266854789,5.976153055554954,6.1821379728482,6.377347023205852,6.570485837080918,6.764944037204296,6.972197958224147,7.210416689444315,7.436819601797818,7.652974334969806,7.865656719489046,8.073555745848527,8.294589741992155,8.50239423925706,8.725804963064922,8.959022381328241,9.196812612466735,9.422284949322993,9.658972810913772,9.87255931152801,10.091970746915669,10.318277914025954,10.546124365092602,10.792418700869405,11.04638169829774,11.284957001399707,11.519726802020633,11.756035886597925,11.988483009019676,12.22073618893318,12.457569294730245,12.723181070175773,13.001804142464684,13.266341652308215,13.532729683809865,13.774089877038433,13.996680653608356,14.217909402465464,14.45217238051444,14.735405770859067,15.020948087138247,15.313854773898784,15.637958383237589,15.94535332652275,16.177256651299906,16.405595194492054,16.663890091062772,16.931295771786502,17.201462246905063,17.529612942264322,17.91250904983582,18.261275821686574,18.623856473584787,18.959988349755047,19.260568595211694,19.53615619367111,19.808645658218193,20.026058803775125,20.299492674118664,20.63084903292701,21.022278304958363,21.43245248088383,21.847378282429187,22.206891494227,22.526032170113076,22.828585924173346,23.154048006256932,23.46163382298728,23.775796140534627,24.131837856015412,24.525423307402736,24.93354619669476,25.44530155275182,25.862988772241447,26.187314154063316,26.595774593570724,26.92349346822032,27.276661533493865,27.600730101299572,27.945381591036988,28.28473589451932,28.607051143752336,28.92337302778346,29.209306225706825,29.49589911675433,29.74882780178358,29.996506389629495,30.244184977475406,30.465907251121926,30.646771851125344,30.775682137595776,30.863304269962967,30.911483623202525,30.91803097950979,30.817376575623268,30.724622050768264,30.6390772306836,30.49758821489352,30.344258905830536,30.036193541089563,29.66281423684133,29.41095489891793,29.055573635546416,28.677415516186887,28.30120441466949,27.931669727903877,27.642303199479226,27.09139189181747,26.56584693405563,26.152940401279984,25.594082002509396,25.307905169959817,25.110999200212433,24.149134923295524,22.878682897371515
seto1999situ_DRA2_2-1,20.4,0.12040303729260429,0.3071126900644607,0.4977396226954533,0.7003896988747539,0.9111549590497096,1.1246181634618888,1.3454043539468525,1.5801703917513568,1.7974295338930704,2.0169062509257745,2.2462532273824998,2.439891990298867,2.600628739516175,2.803644120930801,3.0195835800676085,3.2470920071835923,3.474584172165133,3.687545678976036,3.9085016169471816,4.143558777594942,4.3689768211364255,4.595734374368563,4.822986575713711,5.0108858518369574,5.189528383825451,5.408678786500998,5.702716536159101,6.059744316349838,6.39535448870854,6.672934020785127,6.98022938752427,7.261747509045143,7.465896723319478,7.653403190659196,7.856013718330932,8.075063651487845,8.393899369948814,8.782630711766409,9.133150588818784,9.399816173761902,9.647911271335584,9.932144185643692,10.236770080554324,10.603118786048922,11.079355479174072,11.47534387577797,11.788981991867587,11.895020262855047,12.02341924833948,12.296371599685228,12.583111462761652,12.914328807188578,13.328842390353513,13.757658161139892,14.110002757008145,14.375653562247084,14.659588347464622,14.918347048650805,15.20218298511434,15.56635833622221,15.899829796303308,16.202829574820132,16.324647762009764,16.44549860860261,16.72957308954396,16.96861248038664,16.918683981247394,17.06927810888988,17.348115828059196,17.652334419111956,17.984504143958933,18.088613452743935,18.123516452238665,18.05841533897784,18.108350130693363,18.156565396923458,18.189839579058415,18.230767361126865,18.310649161898716,18.4734570424124,18.508212356476783,18.422038105677064,18.192838952001864,17.927872894375053,17.677478431742685,17.546591557229664,17.53578519309066,17.69229292738615,17.70637183542877,17.536394200875673,17.47996190408278,17.360942779571698,16.92407163111768,16.68414494260715,16.618271596940836,16.498022819019173,16.277449662372046,15.894216490349573,15.768133660901496,15.672965834306027,15.335427336988602,15.209468178718666,15.185032824219205,15.229642484160083,15.351477326758182,15.543635144526293,15.81543295300215,16.043723339373194,16.005514622166412,15.792708400542466,15.57522738934465,15.292713228641166,15.0105179316095,14.797375730751362,14.568024441631687,14.413690349173478,13.648201802510098,12.908841732737901,12.536746715987585,12.505098328663715,12.63723451261216,12.52707937608989,12.144924312643669,11.804916255444162,11.653962608588136,11.762156597082267,11.506778408117722,10.943878551108963,10.539748182092115,10.051059869902554,9.812675115897965,9.887779682228649,9.945123234273938,9.931521651644838,9.955076297139128,10.07807712991059,10.183120462992363,10.116234786400355,9.875554832902656,10.170471053522835,10.336073482631127,10.534910644473506,10.497089677701931,10.40244909456966,10.19872029327587,9.941139236278701,9.931003987440361,10.010360876676172,9.928631850820748,9.659084424843007
